# WaveFront *.obj file (generated by Autodesk ATF)

mtllib grating.mtl

g Body1

v -1.000000 0.700000 0.000000
v -0.400000 0.350000 0.000000
v -0.400000 0.350000 0.050000
v -1.000000 0.700000 0.050000
v 1.000000 0.700000 0.000000
v 1.000000 0.700000 0.050000
v 0.400000 0.350000 0.000000
v 0.400000 0.350000 0.050000
v 0.400000 0.000000 0.000000
v 0.400000 0.000000 0.050000
v -0.400000 0.000000 0.000000
v -0.400000 0.000000 0.050000
vt 0.000000 0.000000 0.000000
vt 0.694622 0.000000 0.000000
vt 0.000000 0.050000 0.000000
vt 0.694622 0.050000 0.000000
vt -0.000000 0.000000 0.000000
vt 2.000000 0.000000 0.000000
vt -0.000000 0.050000 0.000000
vt 2.000000 0.050000 0.000000
vt 0.000000 0.000000 0.000000
vt 0.694622 0.000000 0.000000
vt 0.000000 0.050000 0.000000
vt 0.694622 0.050000 0.000000
vt 0.000000 0.000000 0.000000
vt 0.350000 0.000000 0.000000
vt 0.000000 0.050000 0.000000
vt 0.350000 0.050000 0.000000
vt 0.000000 0.000000 0.000000
vt 0.800000 0.000000 0.000000
vt 0.000000 0.050000 0.000000
vt 0.800000 0.050000 0.000000
vt 0.000000 0.000000 0.000000
vt 0.350000 0.000000 0.000000
vt 0.000000 0.050000 0.000000
vt 0.350000 0.050000 0.000000
vt -0.400000 -0.350000 0.000000
vt 0.400000 -0.350000 0.000000
vt -0.400000 0.000000 0.000000
vt 0.400000 0.000000 0.000000
vt -1.000000 0.350000 0.000000
vt 1.000000 0.350000 0.000000
vt -0.400000 -0.350000 0.000000
vt 0.400000 -0.350000 0.000000
vt -0.400000 0.000000 0.000000
vt 0.400000 0.000000 0.000000
vt -1.000000 0.350000 0.000000
vt 1.000000 0.350000 0.000000
vn -0.503871 -0.863779 0.000000
vn -0.503871 -0.863779 0.000000
vn -0.503871 -0.863779 0.000000
vn -0.503871 -0.863779 0.000000
vn 0.000000 1.000000 0.000000
vn 0.000000 1.000000 0.000000
vn 0.000000 1.000000 0.000000
vn 0.000000 1.000000 0.000000
vn 0.503871 -0.863779 0.000000
vn 0.503871 -0.863779 0.000000
vn 0.503871 -0.863779 0.000000
vn 0.503871 -0.863779 0.000000
vn 1.000000 0.000000 0.000000
vn 1.000000 0.000000 0.000000
vn 1.000000 0.000000 0.000000
vn 1.000000 0.000000 0.000000
vn 0.000000 -1.000000 0.000000
vn 0.000000 -1.000000 0.000000
vn 0.000000 -1.000000 0.000000
vn 0.000000 -1.000000 0.000000
vn -1.000000 0.000000 0.000000
vn -1.000000 0.000000 0.000000
vn -1.000000 0.000000 0.000000
vn -1.000000 0.000000 0.000000
vn 0.000000 0.000000 1.000000
vn 0.000000 0.000000 1.000000
vn 0.000000 0.000000 1.000000
vn 0.000000 0.000000 1.000000
vn 0.000000 0.000000 1.000000
vn 0.000000 0.000000 1.000000
vn -0.000000 -0.000000 -1.000000
vn -0.000000 -0.000000 -1.000000
vn -0.000000 -0.000000 -1.000000
vn -0.000000 -0.000000 -1.000000
vn -0.000000 -0.000000 -1.000000
vn -0.000000 -0.000000 -1.000000
usemtl Steel_-_Satin
f 1/1/1 2/2/2 4/3/3
f 4/3/3 2/2/2 3/4/4
f 5/5/5 1/6/6 6/7/7
f 6/7/7 1/6/6 4/8/8
f 7/9/9 5/10/10 8/11/11
f 8/11/11 5/10/10 6/12/12
f 9/13/13 7/14/14 10/15/15
f 10/15/15 7/14/14 8/16/16
f 11/17/17 9/18/18 12/19/19
f 12/19/19 9/18/18 10/20/20
f 2/21/21 11/22/22 3/23/23
f 3/23/23 11/22/22 12/24/24
f 12/25/25 10/26/26 3/27/27
f 3/27/27 10/26/26 8/28/28
f 3/27/27 8/28/28 4/29/29
f 4/29/29 8/28/28 6/30/30
f 9/31/31 11/32/32 7/33/33
f 7/33/33 11/32/32 2/34/34
f 7/33/33 2/34/34 5/35/35
f 5/35/35 2/34/34 1/36/36
g Body2

v 1.108455 0.833145 0.000000
v 0.878635 0.886545 0.000000
v 0.648697 0.928967 0.000000
v 0.418614 0.959573 0.000000
v 0.188357 0.977526 0.000000
v 0.026108 0.981957 0.000000
v -0.136117 0.979441 0.000000
v -0.298309 0.970238 0.000000
v -0.460459 0.954614 0.000000
v -0.622558 0.932829 0.000000
v -0.784596 0.905147 0.000000
v -0.946565 0.871832 0.000000
v -1.108455 0.833145 0.000000
v -1.108455 0.833145 0.050000
v -0.946565 0.871832 0.050000
v -0.784596 0.905147 0.050000
v -0.622558 0.932829 0.050000
v -0.460459 0.954614 0.050000
v -0.298309 0.970238 0.050000
v -0.136117 0.979441 0.050000
v 0.026108 0.981957 0.050000
v 0.188357 0.977526 0.050000
v 0.418614 0.959573 0.050000
v 0.648697 0.928967 0.050000
v 0.878635 0.886545 0.050000
v 1.108455 0.833145 0.050000
v 1.100000 0.800000 0.000000
v 1.100000 0.800000 0.050000
v -1.100000 0.800000 0.000000
v -0.825000 0.862443 0.000000
v -0.550000 0.908926 0.000000
v -0.412500 0.925752 0.000000
v -0.275000 0.938005 0.000000
v -0.137500 0.945469 0.000000
v 0.000000 0.947978 0.000000
v 0.137500 0.945469 0.000000
v 0.275000 0.938005 0.000000
v 0.412500 0.925752 0.000000
v 0.550000 0.908926 0.000000
v 0.825000 0.862443 0.000000
v 0.825000 0.862443 0.050000
v 0.550000 0.908926 0.050000
v 0.412500 0.925752 0.050000
v 0.275000 0.938005 0.050000
v 0.137500 0.945469 0.050000
v 0.000000 0.947978 0.050000
v -0.137500 0.945469 0.050000
v -0.275000 0.938005 0.050000
v -0.412500 0.925752 0.050000
v -0.550000 0.908926 0.050000
v -0.825000 0.862443 0.050000
v -1.100000 0.800000 0.050000
vt -2.219157 0.000000 0.000000
vt -1.988837 0.000000 0.000000
vt -2.219157 0.050000 0.000000
vt -1.988837 0.050000 0.000000
vt -1.758517 0.000000 0.000000
vt -1.758517 0.050000 0.000000
vt -1.528197 0.000000 0.000000
vt -1.528197 0.050000 0.000000
vt -1.297877 0.000000 0.000000
vt -1.297877 0.050000 0.000000
vt -1.135643 0.000000 0.000000
vt -1.135643 0.050000 0.000000
vt -0.973408 0.000000 0.000000
vt -0.973408 0.050000 0.000000
vt -0.811173 0.000000 0.000000
vt -0.811173 0.050000 0.000000
vt -0.648939 0.000000 0.000000
vt -0.648939 0.050000 0.000000
vt -0.486704 0.000000 0.000000
vt -0.486704 0.050000 0.000000
vt -0.324469 0.000000 0.000000
vt -0.324469 0.050000 0.000000
vt -0.162235 0.000000 0.000000
vt -0.162235 0.050000 0.000000
vt 0.000000 0.000000 0.000000
vt 0.000000 0.050000 0.000000
vt 0.000000 0.000000 0.000000
vt 0.034206 0.000000 0.000000
vt 0.000000 0.050000 0.000000
vt 0.034206 0.050000 0.000000
vt 0.000000 0.000000 0.000000
vt 0.275000 0.000000 0.000000
vt 0.000000 0.050000 0.000000
vt 0.275000 0.050000 0.000000
vt 0.550000 0.000000 0.000000
vt 0.550000 0.050000 0.000000
vt 0.687500 0.000000 0.000000
vt 0.687500 0.050000 0.000000
vt 0.825000 0.000000 0.000000
vt 0.825000 0.050000 0.000000
vt 0.962500 0.000000 0.000000
vt 0.962500 0.050000 0.000000
vt 1.100000 0.000000 0.000000
vt 1.100000 0.050000 0.000000
vt 1.237500 0.000000 0.000000
vt 1.237500 0.050000 0.000000
vt 1.375000 0.000000 0.000000
vt 1.375000 0.050000 0.000000
vt 1.512500 0.000000 0.000000
vt 1.512500 0.050000 0.000000
vt 1.650000 0.000000 0.000000
vt 1.650000 0.050000 0.000000
vt 1.925000 0.000000 0.000000
vt 1.925000 0.050000 0.000000
vt 2.200000 0.000000 0.000000
vt 2.200000 0.050000 0.000000
vt 0.000000 0.000000 0.000000
vt 0.034206 0.000000 0.000000
vt 0.000000 0.050000 0.000000
vt 0.034206 0.050000 0.000000
vt -1.100000 -0.099421 0.000000
vt -0.825000 -0.036977 0.000000
vt -1.108455 -0.066276 0.000000
vt -0.946565 -0.027589 0.000000
vt -0.784596 0.005727 0.000000
vt -0.550000 0.009505 0.000000
vt -0.622558 0.033408 0.000000
vt -0.412500 0.026331 0.000000
vt -0.460459 0.055193 0.000000
vt -0.275000 0.038584 0.000000
vt -0.137500 0.046048 0.000000
vt -0.000000 0.048558 0.000000
vt -0.136117 0.080020 0.000000
vt -0.298309 0.070818 0.000000
vt 0.137500 0.046048 0.000000
vt 0.188357 0.078105 0.000000
vt 0.026108 0.082537 0.000000
vt 0.418614 0.060152 0.000000
vt 0.275000 0.038584 0.000000
vt 0.412500 0.026331 0.000000
vt 0.648697 0.029546 0.000000
vt 0.550000 0.009505 0.000000
vt 0.878635 -0.012875 0.000000
vt 0.825000 -0.036977 0.000000
vt 1.108455 -0.066276 0.000000
vt 1.100000 -0.099421 0.000000
vt 1.100000 -0.099421 0.000000
vt 1.108455 -0.066276 0.000000
vt 0.825000 -0.036977 0.000000
vt 0.946565 -0.027589 0.000000
vt 0.784596 0.005727 0.000000
vt 0.550000 0.009505 0.000000
vt 0.622558 0.033408 0.000000
vt 0.412500 0.026331 0.000000
vt 0.460459 0.055193 0.000000
vt 0.275000 0.038584 0.000000
vt 0.137500 0.046048 0.000000
vt 0.298309 0.070818 0.000000
vt 0.136117 0.080020 0.000000
vt 0.000000 0.048558 0.000000
vt -0.026108 0.082537 0.000000
vt -0.188357 0.078105 0.000000
vt -0.137500 0.046048 0.000000
vt -0.418614 0.060152 0.000000
vt -0.275000 0.038584 0.000000
vt -0.412500 0.026331 0.000000
vt -0.648697 0.029546 0.000000
vt -0.550000 0.009505 0.000000
vt -0.878635 -0.012875 0.000000
vt -0.825000 -0.036977 0.000000
vt -1.108455 -0.066276 0.000000
vt -1.100000 -0.099421 0.000000
vn 0.247171 0.968972 -0.000000
vn 0.204608 0.978844 -0.000000
vn 0.247171 0.968972 -0.000000
vn 0.204608 0.978844 -0.000000
vn 0.157372 0.987539 -0.000000
vn 0.157372 0.987539 -0.000000
vn 0.105501 0.994419 -0.000000
vn 0.105501 0.994419 -0.000000
vn 0.049203 0.998789 -0.000000
vn 0.049203 0.998789 -0.000000
vn 0.005631 0.999984 -0.000000
vn 0.005631 0.999984 -0.000000
vn -0.036369 0.999338 0.000000
vn -0.036369 0.999338 0.000000
vn -0.076589 0.997063 0.000000
vn -0.076589 0.997063 0.000000
vn -0.114876 0.993380 0.000000
vn -0.114876 0.993380 0.000000
vn -0.151122 0.988515 0.000000
vn -0.151122 0.988515 0.000000
vn -0.185264 0.982689 0.000000
vn -0.185264 0.982689 0.000000
vn -0.217278 0.976110 0.000000
vn -0.217278 0.976110 0.000000
vn -0.247171 0.968972 0.000000
vn -0.247171 0.968972 0.000000
vn 0.968972 -0.247171 0.000000
vn 0.968972 -0.247171 0.000000
vn 0.968972 -0.247171 0.000000
vn 0.968972 -0.247171 0.000000
vn 0.247171 -0.968972 0.000000
vn 0.194890 -0.980825 0.000000
vn 0.247171 -0.968972 0.000000
vn 0.194890 -0.980825 0.000000
vn 0.137135 -0.990552 0.000000
vn 0.137135 -0.990552 0.000000
vn 0.105427 -0.994427 0.000000
vn 0.105427 -0.994427 0.000000
vn 0.071754 -0.997422 0.000000
vn 0.071754 -0.997422 0.000000
vn 0.036397 -0.999337 0.000000
vn 0.036397 -0.999337 0.000000
vn 0.000000 -1.000000 0.000000
vn 0.000000 -1.000000 0.000000
vn -0.036397 -0.999337 0.000000
vn -0.036397 -0.999337 0.000000
vn -0.071754 -0.997422 0.000000
vn -0.071754 -0.997422 0.000000
vn -0.105427 -0.994427 0.000000
vn -0.105427 -0.994427 0.000000
vn -0.137135 -0.990552 0.000000
vn -0.137135 -0.990552 0.000000
vn -0.194890 -0.980825 0.000000
vn -0.194890 -0.980825 0.000000
vn -0.247171 -0.968972 0.000000
vn -0.247171 -0.968972 0.000000
vn -0.968972 -0.247171 0.000000
vn -0.968972 -0.247171 0.000000
vn -0.968972 -0.247171 0.000000
vn -0.968972 -0.247171 0.000000
vn 0.000000 0.000000 1.000000
vn 0.000000 0.000000 1.000000
vn 0.000000 0.000000 1.000000
vn 0.000000 0.000000 1.000000
vn 0.000000 0.000000 1.000000
vn 0.000000 0.000000 1.000000
vn 0.000000 0.000000 1.000000
vn 0.000000 0.000000 1.000000
vn 0.000000 0.000000 1.000000
vn 0.000000 0.000000 1.000000
vn 0.000000 0.000000 1.000000
vn 0.000000 0.000000 1.000000
vn 0.000000 0.000000 1.000000
vn 0.000000 0.000000 1.000000
vn 0.000000 0.000000 1.000000
vn 0.000000 0.000000 1.000000
vn 0.000000 0.000000 1.000000
vn 0.000000 0.000000 1.000000
vn 0.000000 0.000000 1.000000
vn 0.000000 0.000000 1.000000
vn 0.000000 0.000000 1.000000
vn 0.000000 0.000000 1.000000
vn 0.000000 0.000000 1.000000
vn 0.000000 0.000000 1.000000
vn 0.000000 0.000000 1.000000
vn 0.000000 0.000000 1.000000
vn -0.000000 -0.000000 -1.000000
vn -0.000000 -0.000000 -1.000000
vn -0.000000 -0.000000 -1.000000
vn -0.000000 -0.000000 -1.000000
vn -0.000000 -0.000000 -1.000000
vn -0.000000 -0.000000 -1.000000
vn -0.000000 -0.000000 -1.000000
vn -0.000000 -0.000000 -1.000000
vn -0.000000 -0.000000 -1.000000
vn -0.000000 -0.000000 -1.000000
vn -0.000000 -0.000000 -1.000000
vn -0.000000 -0.000000 -1.000000
vn -0.000000 -0.000000 -1.000000
vn -0.000000 -0.000000 -1.000000
vn -0.000000 -0.000000 -1.000000
vn -0.000000 -0.000000 -1.000000
vn -0.000000 -0.000000 -1.000000
vn -0.000000 -0.000000 -1.000000
vn -0.000000 -0.000000 -1.000000
vn -0.000000 -0.000000 -1.000000
vn -0.000000 -0.000000 -1.000000
vn -0.000000 -0.000000 -1.000000
vn -0.000000 -0.000000 -1.000000
vn -0.000000 -0.000000 -1.000000
vn -0.000000 -0.000000 -1.000000
vn -0.000000 -0.000000 -1.000000
f 13/37/37 14/38/38 38/39/39
f 38/39/39 14/38/38 37/40/40
f 37/40/40 14/38/38 15/41/41
f 37/40/40 15/41/41 36/42/42
f 36/42/42 15/41/41 16/43/43
f 36/42/42 16/43/43 35/44/44
f 35/44/44 16/43/43 17/45/45
f 35/44/44 17/45/45 34/46/46
f 34/46/46 17/45/45 18/47/47
f 34/46/46 18/47/47 33/48/48
f 33/48/48 18/47/47 19/49/49
f 33/48/48 19/49/49 32/50/50
f 32/50/50 19/49/49 20/51/51
f 32/50/50 20/51/51 31/52/52
f 31/52/52 20/51/51 21/53/53
f 31/52/52 21/53/53 30/54/54
f 30/54/54 21/53/53 22/55/55
f 30/54/54 22/55/55 29/56/56
f 29/56/56 22/55/55 23/57/57
f 29/56/56 23/57/57 28/58/58
f 28/58/58 23/57/57 24/59/59
f 28/58/58 24/59/59 27/60/60
f 27/60/60 24/59/59 25/61/61
f 27/60/60 25/61/61 26/62/62
f 39/63/63 13/64/64 40/65/65
f 40/65/65 13/64/64 38/66/66
f 41/67/67 42/68/68 64/69/69
f 64/69/69 42/68/68 63/70/70
f 63/70/70 42/68/68 43/71/71
f 63/70/70 43/71/71 62/72/72
f 62/72/72 43/71/71 44/73/73
f 62/72/72 44/73/73 61/74/74
f 61/74/74 44/73/73 45/75/75
f 61/74/74 45/75/75 60/76/76
f 60/76/76 45/75/75 46/77/77
f 60/76/76 46/77/77 59/78/78
f 59/78/78 46/77/77 47/79/79
f 59/78/78 47/79/79 58/80/80
f 58/80/80 47/79/79 48/81/81
f 58/80/80 48/81/81 57/82/82
f 57/82/82 48/81/81 49/83/83
f 57/82/82 49/83/83 56/84/84
f 56/84/84 49/83/83 50/85/85
f 56/84/84 50/85/85 55/86/86
f 55/86/86 50/85/85 51/87/87
f 55/86/86 51/87/87 54/88/88
f 54/88/88 51/87/87 52/89/89
f 54/88/88 52/89/89 53/90/90
f 53/90/90 52/89/89 39/91/91
f 53/90/90 39/91/91 40/92/92
f 25/93/93 41/94/94 26/95/95
f 26/95/95 41/94/94 64/96/96
f 64/97/97 63/98/98 26/99/99
f 26/99/99 63/98/98 27/100/100
f 27/100/100 63/98/98 28/101/101
f 28/101/101 63/98/98 62/102/102
f 28/101/101 62/102/102 29/103/103
f 29/103/103 62/102/102 61/104/104
f 29/103/103 61/104/104 30/105/105
f 30/105/105 61/104/104 60/106/106
f 30/105/105 60/106/106 59/107/107
f 58/108/108 32/109/109 59/107/107
f 59/107/107 32/109/109 31/110/110
f 59/107/107 31/110/110 30/105/105
f 57/111/111 34/112/112 58/108/108
f 58/108/108 34/112/112 33/113/113
f 58/108/108 33/113/113 32/109/109
f 34/112/112 57/111/111 35/114/114
f 35/114/114 57/111/111 56/115/115
f 35/114/114 56/115/115 55/116/116
f 35/114/114 55/116/116 36/117/117
f 36/117/117 55/116/116 54/118/118
f 36/117/117 54/118/118 37/119/119
f 37/119/119 54/118/118 53/120/120
f 37/119/119 53/120/120 38/121/121
f 38/121/121 53/120/120 40/122/122
f 41/123/123 25/124/124 42/125/125
f 42/125/125 25/124/124 24/126/126
f 42/125/125 24/126/126 23/127/127
f 42/125/125 23/127/127 43/128/128
f 43/128/128 23/127/127 22/129/129
f 43/128/128 22/129/129 44/130/130
f 44/130/130 22/129/129 21/131/131
f 44/130/130 21/131/131 45/132/132
f 45/132/132 21/131/131 46/133/133
f 46/133/133 21/131/131 20/134/134
f 46/133/133 20/134/134 19/135/135
f 46/133/133 19/135/135 47/136/136
f 47/136/136 19/135/135 18/137/137
f 47/136/136 18/137/137 17/138/138
f 47/136/136 17/138/138 48/139/139
f 48/139/139 17/138/138 16/140/140
f 48/139/139 16/140/140 49/141/141
f 49/141/141 16/140/140 50/142/142
f 50/142/142 16/140/140 15/143/143
f 50/142/142 15/143/143 51/144/144
f 51/144/144 15/143/143 14/145/145
f 51/144/144 14/145/145 52/146/146
f 52/146/146 14/145/145 13/147/147
f 52/146/146 13/147/147 39/148/148
g Body3

v 1.108455 0.933145 0.000000
v 0.878635 0.986545 0.000000
v 0.648697 1.028967 0.000000
v 0.418614 1.059573 0.000000
v 0.188357 1.077526 0.000000
v 0.026108 1.081957 0.000000
v -0.136117 1.079441 0.000000
v -0.298309 1.070238 0.000000
v -0.460459 1.054614 0.000000
v -0.622558 1.032829 0.000000
v -0.784596 1.005147 0.000000
v -0.946565 0.971832 0.000000
v -1.108455 0.933145 0.000000
v -1.108455 0.933145 0.050000
v -0.946565 0.971832 0.050000
v -0.784596 1.005147 0.050000
v -0.622558 1.032829 0.050000
v -0.460459 1.054614 0.050000
v -0.298309 1.070238 0.050000
v -0.136117 1.079441 0.050000
v 0.026108 1.081957 0.050000
v 0.188357 1.077526 0.050000
v 0.418614 1.059573 0.050000
v 0.648697 1.028967 0.050000
v 0.878635 0.986545 0.050000
v 1.108455 0.933145 0.050000
v 1.100000 0.900000 0.000000
v 1.100000 0.900000 0.050000
v -1.100000 0.900000 0.000000
v -0.825000 0.962443 0.000000
v -0.550000 1.008926 0.000000
v -0.412500 1.025752 0.000000
v -0.275000 1.038005 0.000000
v -0.137500 1.045469 0.000000
v 0.000000 1.047978 0.000000
v 0.137500 1.045469 0.000000
v 0.275000 1.038005 0.000000
v 0.412500 1.025752 0.000000
v 0.550000 1.008926 0.000000
v 0.825000 0.962443 0.000000
v 0.825000 0.962443 0.050000
v 0.550000 1.008926 0.050000
v 0.412500 1.025752 0.050000
v 0.275000 1.038005 0.050000
v 0.137500 1.045469 0.050000
v 0.000000 1.047978 0.050000
v -0.137500 1.045469 0.050000
v -0.275000 1.038005 0.050000
v -0.412500 1.025752 0.050000
v -0.550000 1.008926 0.050000
v -0.825000 0.962443 0.050000
v -1.100000 0.900000 0.050000
vt -2.219157 0.000000 0.000000
vt -1.988837 0.000000 0.000000
vt -2.219157 0.050000 0.000000
vt -1.988837 0.050000 0.000000
vt -1.758517 0.000000 0.000000
vt -1.758517 0.050000 0.000000
vt -1.528197 0.000000 0.000000
vt -1.528197 0.050000 0.000000
vt -1.297877 0.000000 0.000000
vt -1.297877 0.050000 0.000000
vt -1.135643 0.000000 0.000000
vt -1.135643 0.050000 0.000000
vt -0.973408 0.000000 0.000000
vt -0.973408 0.050000 0.000000
vt -0.811173 0.000000 0.000000
vt -0.811173 0.050000 0.000000
vt -0.648939 0.000000 0.000000
vt -0.648939 0.050000 0.000000
vt -0.486704 0.000000 0.000000
vt -0.486704 0.050000 0.000000
vt -0.324469 0.000000 0.000000
vt -0.324469 0.050000 0.000000
vt -0.162235 0.000000 0.000000
vt -0.162235 0.050000 0.000000
vt 0.000000 0.000000 0.000000
vt 0.000000 0.050000 0.000000
vt 0.000000 0.000000 0.000000
vt 0.034206 0.000000 0.000000
vt 0.000000 0.050000 0.000000
vt 0.034206 0.050000 0.000000
vt 0.000000 0.000000 0.000000
vt 0.275000 0.000000 0.000000
vt 0.000000 0.050000 0.000000
vt 0.275000 0.050000 0.000000
vt 0.550000 0.000000 0.000000
vt 0.550000 0.050000 0.000000
vt 0.687500 0.000000 0.000000
vt 0.687500 0.050000 0.000000
vt 0.825000 0.000000 0.000000
vt 0.825000 0.050000 0.000000
vt 0.962500 0.000000 0.000000
vt 0.962500 0.050000 0.000000
vt 1.100000 0.000000 0.000000
vt 1.100000 0.050000 0.000000
vt 1.237500 0.000000 0.000000
vt 1.237500 0.050000 0.000000
vt 1.375000 0.000000 0.000000
vt 1.375000 0.050000 0.000000
vt 1.512500 0.000000 0.000000
vt 1.512500 0.050000 0.000000
vt 1.650000 0.000000 0.000000
vt 1.650000 0.050000 0.000000
vt 1.925000 0.000000 0.000000
vt 1.925000 0.050000 0.000000
vt 2.200000 0.000000 0.000000
vt 2.200000 0.050000 0.000000
vt 0.000000 0.000000 0.000000
vt 0.034206 0.000000 0.000000
vt 0.000000 0.050000 0.000000
vt 0.034206 0.050000 0.000000
vt -1.100000 -0.099421 0.000000
vt -0.825000 -0.036977 0.000000
vt -1.108455 -0.066276 0.000000
vt -0.946565 -0.027589 0.000000
vt -0.784596 0.005727 0.000000
vt -0.550000 0.009505 0.000000
vt -0.622558 0.033408 0.000000
vt -0.412500 0.026331 0.000000
vt -0.460459 0.055193 0.000000
vt -0.275000 0.038584 0.000000
vt -0.137500 0.046048 0.000000
vt -0.000000 0.048558 0.000000
vt -0.136117 0.080020 0.000000
vt -0.298309 0.070818 0.000000
vt 0.137500 0.046048 0.000000
vt 0.188357 0.078105 0.000000
vt 0.026108 0.082537 0.000000
vt 0.418614 0.060152 0.000000
vt 0.275000 0.038584 0.000000
vt 0.412500 0.026331 0.000000
vt 0.648697 0.029546 0.000000
vt 0.550000 0.009505 0.000000
vt 0.878635 -0.012875 0.000000
vt 0.825000 -0.036977 0.000000
vt 1.108455 -0.066276 0.000000
vt 1.100000 -0.099421 0.000000
vt 1.100000 -0.099421 0.000000
vt 1.108455 -0.066276 0.000000
vt 0.825000 -0.036977 0.000000
vt 0.946565 -0.027589 0.000000
vt 0.784596 0.005727 0.000000
vt 0.550000 0.009505 0.000000
vt 0.622558 0.033408 0.000000
vt 0.412500 0.026331 0.000000
vt 0.460459 0.055193 0.000000
vt 0.275000 0.038584 0.000000
vt 0.137500 0.046048 0.000000
vt 0.298309 0.070818 0.000000
vt 0.136117 0.080020 0.000000
vt 0.000000 0.048558 0.000000
vt -0.026108 0.082537 0.000000
vt -0.188357 0.078105 0.000000
vt -0.137500 0.046048 0.000000
vt -0.418614 0.060152 0.000000
vt -0.275000 0.038584 0.000000
vt -0.412500 0.026331 0.000000
vt -0.648697 0.029546 0.000000
vt -0.550000 0.009505 0.000000
vt -0.878635 -0.012875 0.000000
vt -0.825000 -0.036977 0.000000
vt -1.108455 -0.066276 0.000000
vt -1.100000 -0.099421 0.000000
vn 0.247171 0.968972 -0.000000
vn 0.204608 0.978844 -0.000000
vn 0.247171 0.968972 -0.000000
vn 0.204608 0.978844 -0.000000
vn 0.157372 0.987539 -0.000000
vn 0.157372 0.987539 -0.000000
vn 0.105501 0.994419 -0.000000
vn 0.105501 0.994419 -0.000000
vn 0.049203 0.998789 -0.000000
vn 0.049203 0.998789 -0.000000
vn 0.005631 0.999984 -0.000000
vn 0.005631 0.999984 -0.000000
vn -0.036369 0.999338 0.000000
vn -0.036369 0.999338 0.000000
vn -0.076589 0.997063 0.000000
vn -0.076589 0.997063 0.000000
vn -0.114876 0.993380 0.000000
vn -0.114876 0.993380 0.000000
vn -0.151122 0.988515 0.000000
vn -0.151122 0.988515 0.000000
vn -0.185264 0.982689 0.000000
vn -0.185264 0.982689 0.000000
vn -0.217278 0.976110 0.000000
vn -0.217278 0.976110 0.000000
vn -0.247171 0.968972 0.000000
vn -0.247171 0.968972 0.000000
vn 0.968972 -0.247171 0.000000
vn 0.968972 -0.247171 0.000000
vn 0.968972 -0.247171 0.000000
vn 0.968972 -0.247171 0.000000
vn 0.247171 -0.968972 0.000000
vn 0.194890 -0.980825 0.000000
vn 0.247171 -0.968972 0.000000
vn 0.194890 -0.980825 0.000000
vn 0.137135 -0.990552 0.000000
vn 0.137135 -0.990552 0.000000
vn 0.105427 -0.994427 0.000000
vn 0.105427 -0.994427 0.000000
vn 0.071754 -0.997422 0.000000
vn 0.071754 -0.997422 0.000000
vn 0.036397 -0.999337 0.000000
vn 0.036397 -0.999337 0.000000
vn 0.000000 -1.000000 0.000000
vn 0.000000 -1.000000 0.000000
vn -0.036397 -0.999337 0.000000
vn -0.036397 -0.999337 0.000000
vn -0.071754 -0.997422 0.000000
vn -0.071754 -0.997422 0.000000
vn -0.105427 -0.994427 0.000000
vn -0.105427 -0.994427 0.000000
vn -0.137135 -0.990552 0.000000
vn -0.137135 -0.990552 0.000000
vn -0.194890 -0.980825 0.000000
vn -0.194890 -0.980825 0.000000
vn -0.247171 -0.968972 0.000000
vn -0.247171 -0.968972 0.000000
vn -0.968972 -0.247171 0.000000
vn -0.968972 -0.247171 0.000000
vn -0.968972 -0.247171 0.000000
vn -0.968972 -0.247171 0.000000
vn 0.000000 0.000000 1.000000
vn 0.000000 0.000000 1.000000
vn 0.000000 0.000000 1.000000
vn 0.000000 0.000000 1.000000
vn 0.000000 0.000000 1.000000
vn 0.000000 0.000000 1.000000
vn 0.000000 0.000000 1.000000
vn 0.000000 0.000000 1.000000
vn 0.000000 0.000000 1.000000
vn 0.000000 0.000000 1.000000
vn 0.000000 0.000000 1.000000
vn 0.000000 0.000000 1.000000
vn 0.000000 0.000000 1.000000
vn 0.000000 0.000000 1.000000
vn 0.000000 0.000000 1.000000
vn 0.000000 0.000000 1.000000
vn 0.000000 0.000000 1.000000
vn 0.000000 0.000000 1.000000
vn 0.000000 0.000000 1.000000
vn 0.000000 0.000000 1.000000
vn 0.000000 0.000000 1.000000
vn 0.000000 0.000000 1.000000
vn 0.000000 0.000000 1.000000
vn 0.000000 0.000000 1.000000
vn 0.000000 0.000000 1.000000
vn 0.000000 0.000000 1.000000
vn -0.000000 -0.000000 -1.000000
vn -0.000000 -0.000000 -1.000000
vn -0.000000 -0.000000 -1.000000
vn -0.000000 -0.000000 -1.000000
vn -0.000000 -0.000000 -1.000000
vn -0.000000 -0.000000 -1.000000
vn -0.000000 -0.000000 -1.000000
vn -0.000000 -0.000000 -1.000000
vn -0.000000 -0.000000 -1.000000
vn -0.000000 -0.000000 -1.000000
vn -0.000000 -0.000000 -1.000000
vn -0.000000 -0.000000 -1.000000
vn -0.000000 -0.000000 -1.000000
vn -0.000000 -0.000000 -1.000000
vn -0.000000 -0.000000 -1.000000
vn -0.000000 -0.000000 -1.000000
vn -0.000000 -0.000000 -1.000000
vn -0.000000 -0.000000 -1.000000
vn -0.000000 -0.000000 -1.000000
vn -0.000000 -0.000000 -1.000000
vn -0.000000 -0.000000 -1.000000
vn -0.000000 -0.000000 -1.000000
vn -0.000000 -0.000000 -1.000000
vn -0.000000 -0.000000 -1.000000
vn -0.000000 -0.000000 -1.000000
vn -0.000000 -0.000000 -1.000000
f 65/149/149 66/150/150 90/151/151
f 90/151/151 66/150/150 89/152/152
f 89/152/152 66/150/150 67/153/153
f 89/152/152 67/153/153 88/154/154
f 88/154/154 67/153/153 68/155/155
f 88/154/154 68/155/155 87/156/156
f 87/156/156 68/155/155 69/157/157
f 87/156/156 69/157/157 86/158/158
f 86/158/158 69/157/157 70/159/159
f 86/158/158 70/159/159 85/160/160
f 85/160/160 70/159/159 71/161/161
f 85/160/160 71/161/161 84/162/162
f 84/162/162 71/161/161 72/163/163
f 84/162/162 72/163/163 83/164/164
f 83/164/164 72/163/163 73/165/165
f 83/164/164 73/165/165 82/166/166
f 82/166/166 73/165/165 74/167/167
f 82/166/166 74/167/167 81/168/168
f 81/168/168 74/167/167 75/169/169
f 81/168/168 75/169/169 80/170/170
f 80/170/170 75/169/169 76/171/171
f 80/170/170 76/171/171 79/172/172
f 79/172/172 76/171/171 77/173/173
f 79/172/172 77/173/173 78/174/174
f 91/175/175 65/176/176 92/177/177
f 92/177/177 65/176/176 90/178/178
f 93/179/179 94/180/180 116/181/181
f 116/181/181 94/180/180 115/182/182
f 115/182/182 94/180/180 95/183/183
f 115/182/182 95/183/183 114/184/184
f 114/184/184 95/183/183 96/185/185
f 114/184/184 96/185/185 113/186/186
f 113/186/186 96/185/185 97/187/187
f 113/186/186 97/187/187 112/188/188
f 112/188/188 97/187/187 98/189/189
f 112/188/188 98/189/189 111/190/190
f 111/190/190 98/189/189 99/191/191
f 111/190/190 99/191/191 110/192/192
f 110/192/192 99/191/191 100/193/193
f 110/192/192 100/193/193 109/194/194
f 109/194/194 100/193/193 101/195/195
f 109/194/194 101/195/195 108/196/196
f 108/196/196 101/195/195 102/197/197
f 108/196/196 102/197/197 107/198/198
f 107/198/198 102/197/197 103/199/199
f 107/198/198 103/199/199 106/200/200
f 106/200/200 103/199/199 104/201/201
f 106/200/200 104/201/201 105/202/202
f 105/202/202 104/201/201 91/203/203
f 105/202/202 91/203/203 92/204/204
f 77/205/205 93/206/206 78/207/207
f 78/207/207 93/206/206 116/208/208
f 116/209/209 115/210/210 78/211/211
f 78/211/211 115/210/210 79/212/212
f 79/212/212 115/210/210 80/213/213
f 80/213/213 115/210/210 114/214/214
f 80/213/213 114/214/214 81/215/215
f 81/215/215 114/214/214 113/216/216
f 81/215/215 113/216/216 82/217/217
f 82/217/217 113/216/216 112/218/218
f 82/217/217 112/218/218 111/219/219
f 110/220/220 84/221/221 111/219/219
f 111/219/219 84/221/221 83/222/222
f 111/219/219 83/222/222 82/217/217
f 109/223/223 86/224/224 110/220/220
f 110/220/220 86/224/224 85/225/225
f 110/220/220 85/225/225 84/221/221
f 86/224/224 109/223/223 87/226/226
f 87/226/226 109/223/223 108/227/227
f 87/226/226 108/227/227 107/228/228
f 87/226/226 107/228/228 88/229/229
f 88/229/229 107/228/228 106/230/230
f 88/229/229 106/230/230 89/231/231
f 89/231/231 106/230/230 105/232/232
f 89/231/231 105/232/232 90/233/233
f 90/233/233 105/232/232 92/234/234
f 93/235/235 77/236/236 94/237/237
f 94/237/237 77/236/236 76/238/238
f 94/237/237 76/238/238 75/239/239
f 94/237/237 75/239/239 95/240/240
f 95/240/240 75/239/239 74/241/241
f 95/240/240 74/241/241 96/242/242
f 96/242/242 74/241/241 73/243/243
f 96/242/242 73/243/243 97/244/244
f 97/244/244 73/243/243 98/245/245
f 98/245/245 73/243/243 72/246/246
f 98/245/245 72/246/246 71/247/247
f 98/245/245 71/247/247 99/248/248
f 99/248/248 71/247/247 70/249/249
f 99/248/248 70/249/249 69/250/250
f 99/248/248 69/250/250 100/251/251
f 100/251/251 69/250/250 68/252/252
f 100/251/251 68/252/252 101/253/253
f 101/253/253 68/252/252 102/254/254
f 102/254/254 68/252/252 67/255/255
f 102/254/254 67/255/255 103/256/256
f 103/256/256 67/255/255 66/257/257
f 103/256/256 66/257/257 104/258/258
f 104/258/258 66/257/257 65/259/259
f 104/258/258 65/259/259 91/260/260
g Body4

v 1.108455 1.133145 0.000000
v 0.878635 1.186545 0.000000
v 0.648697 1.228967 0.000000
v 0.418614 1.259573 0.000000
v 0.188357 1.277526 0.000000
v 0.026108 1.281957 0.000000
v -0.136117 1.279441 0.000000
v -0.298309 1.270238 0.000000
v -0.460459 1.254614 0.000000
v -0.622558 1.232829 0.000000
v -0.784596 1.205147 0.000000
v -0.946565 1.171832 0.000000
v -1.108455 1.133145 0.000000
v -1.108455 1.133145 0.050000
v -0.946565 1.171832 0.050000
v -0.784596 1.205147 0.050000
v -0.622558 1.232829 0.050000
v -0.460459 1.254614 0.050000
v -0.298309 1.270238 0.050000
v -0.136117 1.279441 0.050000
v 0.026108 1.281957 0.050000
v 0.188357 1.277526 0.050000
v 0.418614 1.259573 0.050000
v 0.648697 1.228967 0.050000
v 0.878635 1.186545 0.050000
v 1.108455 1.133145 0.050000
v 1.100000 1.100000 0.000000
v 1.100000 1.100000 0.050000
v -1.100000 1.100000 0.000000
v -0.825000 1.162443 0.000000
v -0.550000 1.208926 0.000000
v -0.412500 1.225752 0.000000
v -0.275000 1.238005 0.000000
v -0.137500 1.245469 0.000000
v 0.000000 1.247978 0.000000
v 0.137500 1.245469 0.000000
v 0.275000 1.238005 0.000000
v 0.412500 1.225752 0.000000
v 0.550000 1.208926 0.000000
v 0.825000 1.162443 0.000000
v 0.825000 1.162443 0.050000
v 0.550000 1.208926 0.050000
v 0.412500 1.225752 0.050000
v 0.275000 1.238005 0.050000
v 0.137500 1.245469 0.050000
v 0.000000 1.247978 0.050000
v -0.137500 1.245469 0.050000
v -0.275000 1.238005 0.050000
v -0.412500 1.225752 0.050000
v -0.550000 1.208926 0.050000
v -0.825000 1.162443 0.050000
v -1.100000 1.100000 0.050000
vt -2.219157 0.000000 0.000000
vt -1.988837 0.000000 0.000000
vt -2.219157 0.050000 0.000000
vt -1.988837 0.050000 0.000000
vt -1.758517 0.000000 0.000000
vt -1.758517 0.050000 0.000000
vt -1.528197 0.000000 0.000000
vt -1.528197 0.050000 0.000000
vt -1.297877 0.000000 0.000000
vt -1.297877 0.050000 0.000000
vt -1.135643 0.000000 0.000000
vt -1.135643 0.050000 0.000000
vt -0.973408 0.000000 0.000000
vt -0.973408 0.050000 0.000000
vt -0.811173 0.000000 0.000000
vt -0.811173 0.050000 0.000000
vt -0.648939 0.000000 0.000000
vt -0.648939 0.050000 0.000000
vt -0.486704 0.000000 0.000000
vt -0.486704 0.050000 0.000000
vt -0.324469 0.000000 0.000000
vt -0.324469 0.050000 0.000000
vt -0.162235 0.000000 0.000000
vt -0.162235 0.050000 0.000000
vt 0.000000 0.000000 0.000000
vt 0.000000 0.050000 0.000000
vt 0.000000 0.000000 0.000000
vt 0.034206 0.000000 0.000000
vt 0.000000 0.050000 0.000000
vt 0.034206 0.050000 0.000000
vt 0.000000 0.000000 0.000000
vt 0.275000 0.000000 0.000000
vt 0.000000 0.050000 0.000000
vt 0.275000 0.050000 0.000000
vt 0.550000 0.000000 0.000000
vt 0.550000 0.050000 0.000000
vt 0.687500 0.000000 0.000000
vt 0.687500 0.050000 0.000000
vt 0.825000 0.000000 0.000000
vt 0.825000 0.050000 0.000000
vt 0.962500 0.000000 0.000000
vt 0.962500 0.050000 0.000000
vt 1.100000 0.000000 0.000000
vt 1.100000 0.050000 0.000000
vt 1.237500 0.000000 0.000000
vt 1.237500 0.050000 0.000000
vt 1.375000 0.000000 0.000000
vt 1.375000 0.050000 0.000000
vt 1.512500 0.000000 0.000000
vt 1.512500 0.050000 0.000000
vt 1.650000 0.000000 0.000000
vt 1.650000 0.050000 0.000000
vt 1.925000 0.000000 0.000000
vt 1.925000 0.050000 0.000000
vt 2.200000 0.000000 0.000000
vt 2.200000 0.050000 0.000000
vt 0.000000 0.000000 0.000000
vt 0.034206 0.000000 0.000000
vt 0.000000 0.050000 0.000000
vt 0.034206 0.050000 0.000000
vt -1.100000 -0.099421 0.000000
vt -0.825000 -0.036977 0.000000
vt -1.108455 -0.066276 0.000000
vt -0.946565 -0.027589 0.000000
vt -0.784596 0.005727 0.000000
vt -0.550000 0.009505 0.000000
vt -0.622558 0.033408 0.000000
vt -0.412500 0.026331 0.000000
vt -0.460459 0.055193 0.000000
vt -0.275000 0.038584 0.000000
vt -0.137500 0.046048 0.000000
vt -0.000000 0.048558 0.000000
vt -0.136117 0.080020 0.000000
vt -0.298309 0.070818 0.000000
vt 0.137500 0.046048 0.000000
vt 0.188357 0.078105 0.000000
vt 0.026108 0.082537 0.000000
vt 0.418614 0.060152 0.000000
vt 0.275000 0.038584 0.000000
vt 0.412500 0.026331 0.000000
vt 0.648697 0.029546 0.000000
vt 0.550000 0.009505 0.000000
vt 0.878635 -0.012875 0.000000
vt 0.825000 -0.036977 0.000000
vt 1.108455 -0.066276 0.000000
vt 1.100000 -0.099421 0.000000
vt 1.100000 -0.099421 0.000000
vt 1.108455 -0.066276 0.000000
vt 0.825000 -0.036977 0.000000
vt 0.946565 -0.027589 0.000000
vt 0.784596 0.005727 0.000000
vt 0.550000 0.009505 0.000000
vt 0.622558 0.033408 0.000000
vt 0.412500 0.026331 0.000000
vt 0.460459 0.055193 0.000000
vt 0.275000 0.038584 0.000000
vt 0.137500 0.046048 0.000000
vt 0.298309 0.070818 0.000000
vt 0.136117 0.080020 0.000000
vt 0.000000 0.048558 0.000000
vt -0.026108 0.082537 0.000000
vt -0.188357 0.078105 0.000000
vt -0.137500 0.046048 0.000000
vt -0.418614 0.060152 0.000000
vt -0.275000 0.038584 0.000000
vt -0.412500 0.026331 0.000000
vt -0.648697 0.029546 0.000000
vt -0.550000 0.009505 0.000000
vt -0.878635 -0.012875 0.000000
vt -0.825000 -0.036977 0.000000
vt -1.108455 -0.066276 0.000000
vt -1.100000 -0.099421 0.000000
vn 0.247171 0.968972 -0.000000
vn 0.204608 0.978844 -0.000000
vn 0.247171 0.968972 -0.000000
vn 0.204608 0.978844 -0.000000
vn 0.157372 0.987539 -0.000000
vn 0.157372 0.987539 -0.000000
vn 0.105501 0.994419 -0.000000
vn 0.105501 0.994419 -0.000000
vn 0.049203 0.998789 -0.000000
vn 0.049203 0.998789 -0.000000
vn 0.005631 0.999984 -0.000000
vn 0.005631 0.999984 -0.000000
vn -0.036369 0.999338 0.000000
vn -0.036369 0.999338 0.000000
vn -0.076589 0.997063 0.000000
vn -0.076589 0.997063 0.000000
vn -0.114876 0.993380 0.000000
vn -0.114876 0.993380 0.000000
vn -0.151122 0.988515 0.000000
vn -0.151122 0.988515 0.000000
vn -0.185264 0.982689 0.000000
vn -0.185264 0.982689 0.000000
vn -0.217278 0.976110 0.000000
vn -0.217278 0.976110 0.000000
vn -0.247171 0.968972 0.000000
vn -0.247171 0.968972 0.000000
vn 0.968972 -0.247171 0.000000
vn 0.968972 -0.247171 0.000000
vn 0.968972 -0.247171 0.000000
vn 0.968972 -0.247171 0.000000
vn 0.247171 -0.968972 0.000000
vn 0.194890 -0.980825 0.000000
vn 0.247171 -0.968972 0.000000
vn 0.194890 -0.980825 0.000000
vn 0.137135 -0.990552 0.000000
vn 0.137135 -0.990552 0.000000
vn 0.105427 -0.994427 0.000000
vn 0.105427 -0.994427 0.000000
vn 0.071754 -0.997422 0.000000
vn 0.071754 -0.997422 0.000000
vn 0.036397 -0.999337 0.000000
vn 0.036397 -0.999337 0.000000
vn 0.000000 -1.000000 0.000000
vn 0.000000 -1.000000 0.000000
vn -0.036397 -0.999337 0.000000
vn -0.036397 -0.999337 0.000000
vn -0.071754 -0.997422 0.000000
vn -0.071754 -0.997422 0.000000
vn -0.105427 -0.994427 0.000000
vn -0.105427 -0.994427 0.000000
vn -0.137135 -0.990552 0.000000
vn -0.137135 -0.990552 0.000000
vn -0.194890 -0.980825 0.000000
vn -0.194890 -0.980825 0.000000
vn -0.247171 -0.968972 0.000000
vn -0.247171 -0.968972 0.000000
vn -0.968972 -0.247171 0.000000
vn -0.968972 -0.247171 0.000000
vn -0.968972 -0.247171 0.000000
vn -0.968972 -0.247171 0.000000
vn 0.000000 0.000000 1.000000
vn 0.000000 0.000000 1.000000
vn 0.000000 0.000000 1.000000
vn 0.000000 0.000000 1.000000
vn 0.000000 0.000000 1.000000
vn 0.000000 0.000000 1.000000
vn 0.000000 0.000000 1.000000
vn 0.000000 0.000000 1.000000
vn 0.000000 0.000000 1.000000
vn 0.000000 0.000000 1.000000
vn 0.000000 0.000000 1.000000
vn 0.000000 0.000000 1.000000
vn 0.000000 0.000000 1.000000
vn 0.000000 0.000000 1.000000
vn 0.000000 0.000000 1.000000
vn 0.000000 0.000000 1.000000
vn 0.000000 0.000000 1.000000
vn 0.000000 0.000000 1.000000
vn 0.000000 0.000000 1.000000
vn 0.000000 0.000000 1.000000
vn 0.000000 0.000000 1.000000
vn 0.000000 0.000000 1.000000
vn 0.000000 0.000000 1.000000
vn 0.000000 0.000000 1.000000
vn 0.000000 0.000000 1.000000
vn 0.000000 0.000000 1.000000
vn -0.000000 -0.000000 -1.000000
vn -0.000000 -0.000000 -1.000000
vn -0.000000 -0.000000 -1.000000
vn -0.000000 -0.000000 -1.000000
vn -0.000000 -0.000000 -1.000000
vn -0.000000 -0.000000 -1.000000
vn -0.000000 -0.000000 -1.000000
vn -0.000000 -0.000000 -1.000000
vn -0.000000 -0.000000 -1.000000
vn -0.000000 -0.000000 -1.000000
vn -0.000000 -0.000000 -1.000000
vn -0.000000 -0.000000 -1.000000
vn -0.000000 -0.000000 -1.000000
vn -0.000000 -0.000000 -1.000000
vn -0.000000 -0.000000 -1.000000
vn -0.000000 -0.000000 -1.000000
vn -0.000000 -0.000000 -1.000000
vn -0.000000 -0.000000 -1.000000
vn -0.000000 -0.000000 -1.000000
vn -0.000000 -0.000000 -1.000000
vn -0.000000 -0.000000 -1.000000
vn -0.000000 -0.000000 -1.000000
vn -0.000000 -0.000000 -1.000000
vn -0.000000 -0.000000 -1.000000
vn -0.000000 -0.000000 -1.000000
vn -0.000000 -0.000000 -1.000000
f 117/261/261 118/262/262 142/263/263
f 142/263/263 118/262/262 141/264/264
f 141/264/264 118/262/262 119/265/265
f 141/264/264 119/265/265 140/266/266
f 140/266/266 119/265/265 120/267/267
f 140/266/266 120/267/267 139/268/268
f 139/268/268 120/267/267 121/269/269
f 139/268/268 121/269/269 138/270/270
f 138/270/270 121/269/269 122/271/271
f 138/270/270 122/271/271 137/272/272
f 137/272/272 122/271/271 123/273/273
f 137/272/272 123/273/273 136/274/274
f 136/274/274 123/273/273 124/275/275
f 136/274/274 124/275/275 135/276/276
f 135/276/276 124/275/275 125/277/277
f 135/276/276 125/277/277 134/278/278
f 134/278/278 125/277/277 126/279/279
f 134/278/278 126/279/279 133/280/280
f 133/280/280 126/279/279 127/281/281
f 133/280/280 127/281/281 132/282/282
f 132/282/282 127/281/281 128/283/283
f 132/282/282 128/283/283 131/284/284
f 131/284/284 128/283/283 129/285/285
f 131/284/284 129/285/285 130/286/286
f 143/287/287 117/288/288 144/289/289
f 144/289/289 117/288/288 142/290/290
f 145/291/291 146/292/292 168/293/293
f 168/293/293 146/292/292 167/294/294
f 167/294/294 146/292/292 147/295/295
f 167/294/294 147/295/295 166/296/296
f 166/296/296 147/295/295 148/297/297
f 166/296/296 148/297/297 165/298/298
f 165/298/298 148/297/297 149/299/299
f 165/298/298 149/299/299 164/300/300
f 164/300/300 149/299/299 150/301/301
f 164/300/300 150/301/301 163/302/302
f 163/302/302 150/301/301 151/303/303
f 163/302/302 151/303/303 162/304/304
f 162/304/304 151/303/303 152/305/305
f 162/304/304 152/305/305 161/306/306
f 161/306/306 152/305/305 153/307/307
f 161/306/306 153/307/307 160/308/308
f 160/308/308 153/307/307 154/309/309
f 160/308/308 154/309/309 159/310/310
f 159/310/310 154/309/309 155/311/311
f 159/310/310 155/311/311 158/312/312
f 158/312/312 155/311/311 156/313/313
f 158/312/312 156/313/313 157/314/314
f 157/314/314 156/313/313 143/315/315
f 157/314/314 143/315/315 144/316/316
f 129/317/317 145/318/318 130/319/319
f 130/319/319 145/318/318 168/320/320
f 168/321/321 167/322/322 130/323/323
f 130/323/323 167/322/322 131/324/324
f 131/324/324 167/322/322 132/325/325
f 132/325/325 167/322/322 166/326/326
f 132/325/325 166/326/326 133/327/327
f 133/327/327 166/326/326 165/328/328
f 133/327/327 165/328/328 134/329/329
f 134/329/329 165/328/328 164/330/330
f 134/329/329 164/330/330 163/331/331
f 162/332/332 136/333/333 163/331/331
f 163/331/331 136/333/333 135/334/334
f 163/331/331 135/334/334 134/329/329
f 161/335/335 138/336/336 162/332/332
f 162/332/332 138/336/336 137/337/337
f 162/332/332 137/337/337 136/333/333
f 138/336/336 161/335/335 139/338/338
f 139/338/338 161/335/335 160/339/339
f 139/338/338 160/339/339 159/340/340
f 139/338/338 159/340/340 140/341/341
f 140/341/341 159/340/340 158/342/342
f 140/341/341 158/342/342 141/343/343
f 141/343/343 158/342/342 157/344/344
f 141/343/343 157/344/344 142/345/345
f 142/345/345 157/344/344 144/346/346
f 145/347/347 129/348/348 146/349/349
f 146/349/349 129/348/348 128/350/350
f 146/349/349 128/350/350 127/351/351
f 146/349/349 127/351/351 147/352/352
f 147/352/352 127/351/351 126/353/353
f 147/352/352 126/353/353 148/354/354
f 148/354/354 126/353/353 125/355/355
f 148/354/354 125/355/355 149/356/356
f 149/356/356 125/355/355 150/357/357
f 150/357/357 125/355/355 124/358/358
f 150/357/357 124/358/358 123/359/359
f 150/357/357 123/359/359 151/360/360
f 151/360/360 123/359/359 122/361/361
f 151/360/360 122/361/361 121/362/362
f 151/360/360 121/362/362 152/363/363
f 152/363/363 121/362/362 120/364/364
f 152/363/363 120/364/364 153/365/365
f 153/365/365 120/364/364 154/366/366
f 154/366/366 120/364/364 119/367/367
f 154/366/366 119/367/367 155/368/368
f 155/368/368 119/367/367 118/369/369
f 155/368/368 118/369/369 156/370/370
f 156/370/370 118/369/369 117/371/371
f 156/370/370 117/371/371 143/372/372
g Body5

v 1.108455 1.033145 0.000000
v 0.878635 1.086545 0.000000
v 0.648697 1.128967 0.000000
v 0.418614 1.159573 0.000000
v 0.188357 1.177526 0.000000
v 0.026108 1.181957 0.000000
v -0.136117 1.179441 0.000000
v -0.298309 1.170238 0.000000
v -0.460459 1.154614 0.000000
v -0.622558 1.132829 0.000000
v -0.784596 1.105147 0.000000
v -0.946565 1.071832 0.000000
v -1.108455 1.033145 0.000000
v -1.108455 1.033145 0.050000
v -0.946565 1.071832 0.050000
v -0.784596 1.105147 0.050000
v -0.622558 1.132829 0.050000
v -0.460459 1.154614 0.050000
v -0.298309 1.170238 0.050000
v -0.136117 1.179441 0.050000
v 0.026108 1.181957 0.050000
v 0.188357 1.177526 0.050000
v 0.418614 1.159573 0.050000
v 0.648697 1.128967 0.050000
v 0.878635 1.086545 0.050000
v 1.108455 1.033145 0.050000
v 1.100000 1.000000 0.000000
v 1.100000 1.000000 0.050000
v -1.100000 1.000000 0.000000
v -0.825000 1.062443 0.000000
v -0.550000 1.108926 0.000000
v -0.412500 1.125752 0.000000
v -0.275000 1.138005 0.000000
v -0.137500 1.145469 0.000000
v 0.000000 1.147978 0.000000
v 0.137500 1.145469 0.000000
v 0.275000 1.138005 0.000000
v 0.412500 1.125752 0.000000
v 0.550000 1.108926 0.000000
v 0.825000 1.062443 0.000000
v 0.825000 1.062443 0.050000
v 0.550000 1.108926 0.050000
v 0.412500 1.125752 0.050000
v 0.275000 1.138005 0.050000
v 0.137500 1.145469 0.050000
v 0.000000 1.147978 0.050000
v -0.137500 1.145469 0.050000
v -0.275000 1.138005 0.050000
v -0.412500 1.125752 0.050000
v -0.550000 1.108926 0.050000
v -0.825000 1.062443 0.050000
v -1.100000 1.000000 0.050000
vt -2.219157 0.000000 0.000000
vt -1.988837 0.000000 0.000000
vt -2.219157 0.050000 0.000000
vt -1.988837 0.050000 0.000000
vt -1.758517 0.000000 0.000000
vt -1.758517 0.050000 0.000000
vt -1.528197 0.000000 0.000000
vt -1.528197 0.050000 0.000000
vt -1.297877 0.000000 0.000000
vt -1.297877 0.050000 0.000000
vt -1.135643 0.000000 0.000000
vt -1.135643 0.050000 0.000000
vt -0.973408 0.000000 0.000000
vt -0.973408 0.050000 0.000000
vt -0.811173 0.000000 0.000000
vt -0.811173 0.050000 0.000000
vt -0.648939 0.000000 0.000000
vt -0.648939 0.050000 0.000000
vt -0.486704 0.000000 0.000000
vt -0.486704 0.050000 0.000000
vt -0.324469 0.000000 0.000000
vt -0.324469 0.050000 0.000000
vt -0.162235 0.000000 0.000000
vt -0.162235 0.050000 0.000000
vt 0.000000 0.000000 0.000000
vt 0.000000 0.050000 0.000000
vt 0.000000 0.000000 0.000000
vt 0.034206 0.000000 0.000000
vt 0.000000 0.050000 0.000000
vt 0.034206 0.050000 0.000000
vt 0.000000 0.000000 0.000000
vt 0.275000 0.000000 0.000000
vt 0.000000 0.050000 0.000000
vt 0.275000 0.050000 0.000000
vt 0.550000 0.000000 0.000000
vt 0.550000 0.050000 0.000000
vt 0.687500 0.000000 0.000000
vt 0.687500 0.050000 0.000000
vt 0.825000 0.000000 0.000000
vt 0.825000 0.050000 0.000000
vt 0.962500 0.000000 0.000000
vt 0.962500 0.050000 0.000000
vt 1.100000 0.000000 0.000000
vt 1.100000 0.050000 0.000000
vt 1.237500 0.000000 0.000000
vt 1.237500 0.050000 0.000000
vt 1.375000 0.000000 0.000000
vt 1.375000 0.050000 0.000000
vt 1.512500 0.000000 0.000000
vt 1.512500 0.050000 0.000000
vt 1.650000 0.000000 0.000000
vt 1.650000 0.050000 0.000000
vt 1.925000 0.000000 0.000000
vt 1.925000 0.050000 0.000000
vt 2.200000 0.000000 0.000000
vt 2.200000 0.050000 0.000000
vt 0.000000 0.000000 0.000000
vt 0.034206 0.000000 0.000000
vt 0.000000 0.050000 0.000000
vt 0.034206 0.050000 0.000000
vt -1.100000 -0.099421 0.000000
vt -0.825000 -0.036977 0.000000
vt -1.108455 -0.066276 0.000000
vt -0.946565 -0.027589 0.000000
vt -0.784596 0.005727 0.000000
vt -0.550000 0.009505 0.000000
vt -0.622558 0.033408 0.000000
vt -0.412500 0.026331 0.000000
vt -0.460459 0.055193 0.000000
vt -0.275000 0.038584 0.000000
vt -0.137500 0.046048 0.000000
vt -0.000000 0.048558 0.000000
vt -0.136117 0.080020 0.000000
vt -0.298309 0.070818 0.000000
vt 0.137500 0.046048 0.000000
vt 0.188357 0.078105 0.000000
vt 0.026108 0.082537 0.000000
vt 0.418614 0.060152 0.000000
vt 0.275000 0.038584 0.000000
vt 0.412500 0.026331 0.000000
vt 0.648697 0.029546 0.000000
vt 0.550000 0.009505 0.000000
vt 0.878635 -0.012875 0.000000
vt 0.825000 -0.036977 0.000000
vt 1.108455 -0.066276 0.000000
vt 1.100000 -0.099421 0.000000
vt 1.100000 -0.099421 0.000000
vt 1.108455 -0.066276 0.000000
vt 0.825000 -0.036977 0.000000
vt 0.946565 -0.027589 0.000000
vt 0.784596 0.005727 0.000000
vt 0.550000 0.009505 0.000000
vt 0.622558 0.033408 0.000000
vt 0.412500 0.026331 0.000000
vt 0.460459 0.055193 0.000000
vt 0.275000 0.038584 0.000000
vt 0.137500 0.046048 0.000000
vt 0.298309 0.070818 0.000000
vt 0.136117 0.080020 0.000000
vt 0.000000 0.048558 0.000000
vt -0.026108 0.082537 0.000000
vt -0.188357 0.078105 0.000000
vt -0.137500 0.046048 0.000000
vt -0.418614 0.060152 0.000000
vt -0.275000 0.038584 0.000000
vt -0.412500 0.026331 0.000000
vt -0.648697 0.029546 0.000000
vt -0.550000 0.009505 0.000000
vt -0.878635 -0.012875 0.000000
vt -0.825000 -0.036977 0.000000
vt -1.108455 -0.066276 0.000000
vt -1.100000 -0.099421 0.000000
vn 0.247171 0.968972 -0.000000
vn 0.204608 0.978844 -0.000000
vn 0.247171 0.968972 -0.000000
vn 0.204608 0.978844 -0.000000
vn 0.157372 0.987539 -0.000000
vn 0.157372 0.987539 -0.000000
vn 0.105501 0.994419 -0.000000
vn 0.105501 0.994419 -0.000000
vn 0.049203 0.998789 -0.000000
vn 0.049203 0.998789 -0.000000
vn 0.005631 0.999984 -0.000000
vn 0.005631 0.999984 -0.000000
vn -0.036369 0.999338 0.000000
vn -0.036369 0.999338 0.000000
vn -0.076589 0.997063 0.000000
vn -0.076589 0.997063 0.000000
vn -0.114876 0.993380 0.000000
vn -0.114876 0.993380 0.000000
vn -0.151122 0.988515 0.000000
vn -0.151122 0.988515 0.000000
vn -0.185264 0.982689 0.000000
vn -0.185264 0.982689 0.000000
vn -0.217278 0.976110 0.000000
vn -0.217278 0.976110 0.000000
vn -0.247171 0.968972 0.000000
vn -0.247171 0.968972 0.000000
vn 0.968972 -0.247171 0.000000
vn 0.968972 -0.247171 0.000000
vn 0.968972 -0.247171 0.000000
vn 0.968972 -0.247171 0.000000
vn 0.247171 -0.968972 0.000000
vn 0.194890 -0.980825 0.000000
vn 0.247171 -0.968972 0.000000
vn 0.194890 -0.980825 0.000000
vn 0.137135 -0.990552 0.000000
vn 0.137135 -0.990552 0.000000
vn 0.105427 -0.994427 0.000000
vn 0.105427 -0.994427 0.000000
vn 0.071754 -0.997422 0.000000
vn 0.071754 -0.997422 0.000000
vn 0.036397 -0.999337 0.000000
vn 0.036397 -0.999337 0.000000
vn 0.000000 -1.000000 0.000000
vn 0.000000 -1.000000 0.000000
vn -0.036397 -0.999337 0.000000
vn -0.036397 -0.999337 0.000000
vn -0.071754 -0.997422 0.000000
vn -0.071754 -0.997422 0.000000
vn -0.105427 -0.994427 0.000000
vn -0.105427 -0.994427 0.000000
vn -0.137135 -0.990552 0.000000
vn -0.137135 -0.990552 0.000000
vn -0.194890 -0.980825 0.000000
vn -0.194890 -0.980825 0.000000
vn -0.247171 -0.968972 0.000000
vn -0.247171 -0.968972 0.000000
vn -0.968972 -0.247171 0.000000
vn -0.968972 -0.247171 0.000000
vn -0.968972 -0.247171 0.000000
vn -0.968972 -0.247171 0.000000
vn 0.000000 0.000000 1.000000
vn 0.000000 0.000000 1.000000
vn 0.000000 0.000000 1.000000
vn 0.000000 0.000000 1.000000
vn 0.000000 0.000000 1.000000
vn 0.000000 0.000000 1.000000
vn 0.000000 0.000000 1.000000
vn 0.000000 0.000000 1.000000
vn 0.000000 0.000000 1.000000
vn 0.000000 0.000000 1.000000
vn 0.000000 0.000000 1.000000
vn 0.000000 0.000000 1.000000
vn 0.000000 0.000000 1.000000
vn 0.000000 0.000000 1.000000
vn 0.000000 0.000000 1.000000
vn 0.000000 0.000000 1.000000
vn 0.000000 0.000000 1.000000
vn 0.000000 0.000000 1.000000
vn 0.000000 0.000000 1.000000
vn 0.000000 0.000000 1.000000
vn 0.000000 0.000000 1.000000
vn 0.000000 0.000000 1.000000
vn 0.000000 0.000000 1.000000
vn 0.000000 0.000000 1.000000
vn 0.000000 0.000000 1.000000
vn 0.000000 0.000000 1.000000
vn -0.000000 -0.000000 -1.000000
vn -0.000000 -0.000000 -1.000000
vn -0.000000 -0.000000 -1.000000
vn -0.000000 -0.000000 -1.000000
vn -0.000000 -0.000000 -1.000000
vn -0.000000 -0.000000 -1.000000
vn -0.000000 -0.000000 -1.000000
vn -0.000000 -0.000000 -1.000000
vn -0.000000 -0.000000 -1.000000
vn -0.000000 -0.000000 -1.000000
vn -0.000000 -0.000000 -1.000000
vn -0.000000 -0.000000 -1.000000
vn -0.000000 -0.000000 -1.000000
vn -0.000000 -0.000000 -1.000000
vn -0.000000 -0.000000 -1.000000
vn -0.000000 -0.000000 -1.000000
vn -0.000000 -0.000000 -1.000000
vn -0.000000 -0.000000 -1.000000
vn -0.000000 -0.000000 -1.000000
vn -0.000000 -0.000000 -1.000000
vn -0.000000 -0.000000 -1.000000
vn -0.000000 -0.000000 -1.000000
vn -0.000000 -0.000000 -1.000000
vn -0.000000 -0.000000 -1.000000
vn -0.000000 -0.000000 -1.000000
vn -0.000000 -0.000000 -1.000000
f 169/373/373 170/374/374 194/375/375
f 194/375/375 170/374/374 193/376/376
f 193/376/376 170/374/374 171/377/377
f 193/376/376 171/377/377 192/378/378
f 192/378/378 171/377/377 172/379/379
f 192/378/378 172/379/379 191/380/380
f 191/380/380 172/379/379 173/381/381
f 191/380/380 173/381/381 190/382/382
f 190/382/382 173/381/381 174/383/383
f 190/382/382 174/383/383 189/384/384
f 189/384/384 174/383/383 175/385/385
f 189/384/384 175/385/385 188/386/386
f 188/386/386 175/385/385 176/387/387
f 188/386/386 176/387/387 187/388/388
f 187/388/388 176/387/387 177/389/389
f 187/388/388 177/389/389 186/390/390
f 186/390/390 177/389/389 178/391/391
f 186/390/390 178/391/391 185/392/392
f 185/392/392 178/391/391 179/393/393
f 185/392/392 179/393/393 184/394/394
f 184/394/394 179/393/393 180/395/395
f 184/394/394 180/395/395 183/396/396
f 183/396/396 180/395/395 181/397/397
f 183/396/396 181/397/397 182/398/398
f 195/399/399 169/400/400 196/401/401
f 196/401/401 169/400/400 194/402/402
f 197/403/403 198/404/404 220/405/405
f 220/405/405 198/404/404 219/406/406
f 219/406/406 198/404/404 199/407/407
f 219/406/406 199/407/407 218/408/408
f 218/408/408 199/407/407 200/409/409
f 218/408/408 200/409/409 217/410/410
f 217/410/410 200/409/409 201/411/411
f 217/410/410 201/411/411 216/412/412
f 216/412/412 201/411/411 202/413/413
f 216/412/412 202/413/413 215/414/414
f 215/414/414 202/413/413 203/415/415
f 215/414/414 203/415/415 214/416/416
f 214/416/416 203/415/415 204/417/417
f 214/416/416 204/417/417 213/418/418
f 213/418/418 204/417/417 205/419/419
f 213/418/418 205/419/419 212/420/420
f 212/420/420 205/419/419 206/421/421
f 212/420/420 206/421/421 211/422/422
f 211/422/422 206/421/421 207/423/423
f 211/422/422 207/423/423 210/424/424
f 210/424/424 207/423/423 208/425/425
f 210/424/424 208/425/425 209/426/426
f 209/426/426 208/425/425 195/427/427
f 209/426/426 195/427/427 196/428/428
f 181/429/429 197/430/430 182/431/431
f 182/431/431 197/430/430 220/432/432
f 220/433/433 219/434/434 182/435/435
f 182/435/435 219/434/434 183/436/436
f 183/436/436 219/434/434 184/437/437
f 184/437/437 219/434/434 218/438/438
f 184/437/437 218/438/438 185/439/439
f 185/439/439 218/438/438 217/440/440
f 185/439/439 217/440/440 186/441/441
f 186/441/441 217/440/440 216/442/442
f 186/441/441 216/442/442 215/443/443
f 214/444/444 188/445/445 215/443/443
f 215/443/443 188/445/445 187/446/446
f 215/443/443 187/446/446 186/441/441
f 213/447/447 190/448/448 214/444/444
f 214/444/444 190/448/448 189/449/449
f 214/444/444 189/449/449 188/445/445
f 190/448/448 213/447/447 191/450/450
f 191/450/450 213/447/447 212/451/451
f 191/450/450 212/451/451 211/452/452
f 191/450/450 211/452/452 192/453/453
f 192/453/453 211/452/452 210/454/454
f 192/453/453 210/454/454 193/455/455
f 193/455/455 210/454/454 209/456/456
f 193/455/455 209/456/456 194/457/457
f 194/457/457 209/456/456 196/458/458
f 197/459/459 181/460/460 198/461/461
f 198/461/461 181/460/460 180/462/462
f 198/461/461 180/462/462 179/463/463
f 198/461/461 179/463/463 199/464/464
f 199/464/464 179/463/463 178/465/465
f 199/464/464 178/465/465 200/466/466
f 200/466/466 178/465/465 177/467/467
f 200/466/466 177/467/467 201/468/468
f 201/468/468 177/467/467 202/469/469
f 202/469/469 177/467/467 176/470/470
f 202/469/469 176/470/470 175/471/471
f 202/469/469 175/471/471 203/472/472
f 203/472/472 175/471/471 174/473/473
f 203/472/472 174/473/473 173/474/474
f 203/472/472 173/474/474 204/475/475
f 204/475/475 173/474/474 172/476/476
f 204/475/475 172/476/476 205/477/477
f 205/477/477 172/476/476 206/478/478
f 206/478/478 172/476/476 171/479/479
f 206/478/478 171/479/479 207/480/480
f 207/480/480 171/479/479 170/481/481
f 207/480/480 170/481/481 208/482/482
f 208/482/482 170/481/481 169/483/483
f 208/482/482 169/483/483 195/484/484
g Body6

v 1.108455 1.233145 0.000000
v 0.878635 1.286545 0.000000
v 0.648697 1.328967 0.000000
v 0.418614 1.359573 0.000000
v 0.188357 1.377526 0.000000
v 0.026108 1.381957 0.000000
v -0.136117 1.379441 0.000000
v -0.298309 1.370238 0.000000
v -0.460459 1.354614 0.000000
v -0.622558 1.332829 0.000000
v -0.784596 1.305147 0.000000
v -0.946565 1.271832 0.000000
v -1.108455 1.233145 0.000000
v -1.108455 1.233145 0.050000
v -0.946565 1.271832 0.050000
v -0.784596 1.305147 0.050000
v -0.622558 1.332829 0.050000
v -0.460459 1.354614 0.050000
v -0.298309 1.370238 0.050000
v -0.136117 1.379441 0.050000
v 0.026108 1.381957 0.050000
v 0.188357 1.377526 0.050000
v 0.418614 1.359573 0.050000
v 0.648697 1.328967 0.050000
v 0.878635 1.286545 0.050000
v 1.108455 1.233145 0.050000
v 1.100000 1.200000 0.000000
v 1.100000 1.200000 0.050000
v -1.100000 1.200000 0.000000
v -0.825000 1.262443 0.000000
v -0.550000 1.308926 0.000000
v -0.412500 1.325752 0.000000
v -0.275000 1.338005 0.000000
v -0.137500 1.345469 0.000000
v 0.000000 1.347978 0.000000
v 0.137500 1.345469 0.000000
v 0.275000 1.338005 0.000000
v 0.412500 1.325752 0.000000
v 0.550000 1.308926 0.000000
v 0.825000 1.262443 0.000000
v 0.825000 1.262443 0.050000
v 0.550000 1.308926 0.050000
v 0.412500 1.325752 0.050000
v 0.275000 1.338005 0.050000
v 0.137500 1.345469 0.050000
v 0.000000 1.347978 0.050000
v -0.137500 1.345469 0.050000
v -0.275000 1.338005 0.050000
v -0.412500 1.325752 0.050000
v -0.550000 1.308926 0.050000
v -0.825000 1.262443 0.050000
v -1.100000 1.200000 0.050000
vt -2.219157 0.000000 0.000000
vt -1.988837 0.000000 0.000000
vt -2.219157 0.050000 0.000000
vt -1.988837 0.050000 0.000000
vt -1.758517 0.000000 0.000000
vt -1.758517 0.050000 0.000000
vt -1.528197 0.000000 0.000000
vt -1.528197 0.050000 0.000000
vt -1.297877 0.000000 0.000000
vt -1.297877 0.050000 0.000000
vt -1.135643 0.000000 0.000000
vt -1.135643 0.050000 0.000000
vt -0.973408 0.000000 0.000000
vt -0.973408 0.050000 0.000000
vt -0.811173 0.000000 0.000000
vt -0.811173 0.050000 0.000000
vt -0.648939 0.000000 0.000000
vt -0.648939 0.050000 0.000000
vt -0.486704 0.000000 0.000000
vt -0.486704 0.050000 0.000000
vt -0.324469 0.000000 0.000000
vt -0.324469 0.050000 0.000000
vt -0.162235 0.000000 0.000000
vt -0.162235 0.050000 0.000000
vt 0.000000 0.000000 0.000000
vt 0.000000 0.050000 0.000000
vt 0.000000 0.000000 0.000000
vt 0.034206 0.000000 0.000000
vt 0.000000 0.050000 0.000000
vt 0.034206 0.050000 0.000000
vt 0.000000 0.000000 0.000000
vt 0.275000 0.000000 0.000000
vt 0.000000 0.050000 0.000000
vt 0.275000 0.050000 0.000000
vt 0.550000 0.000000 0.000000
vt 0.550000 0.050000 0.000000
vt 0.687500 0.000000 0.000000
vt 0.687500 0.050000 0.000000
vt 0.825000 0.000000 0.000000
vt 0.825000 0.050000 0.000000
vt 0.962500 0.000000 0.000000
vt 0.962500 0.050000 0.000000
vt 1.100000 0.000000 0.000000
vt 1.100000 0.050000 0.000000
vt 1.237500 0.000000 0.000000
vt 1.237500 0.050000 0.000000
vt 1.375000 0.000000 0.000000
vt 1.375000 0.050000 0.000000
vt 1.512500 0.000000 0.000000
vt 1.512500 0.050000 0.000000
vt 1.650000 0.000000 0.000000
vt 1.650000 0.050000 0.000000
vt 1.925000 0.000000 0.000000
vt 1.925000 0.050000 0.000000
vt 2.200000 0.000000 0.000000
vt 2.200000 0.050000 0.000000
vt 0.000000 0.000000 0.000000
vt 0.034206 0.000000 0.000000
vt 0.000000 0.050000 0.000000
vt 0.034206 0.050000 0.000000
vt -1.100000 -0.099421 0.000000
vt -0.825000 -0.036977 0.000000
vt -1.108455 -0.066276 0.000000
vt -0.946565 -0.027589 0.000000
vt -0.784596 0.005727 0.000000
vt -0.550000 0.009505 0.000000
vt -0.622558 0.033408 0.000000
vt -0.412500 0.026331 0.000000
vt -0.460459 0.055193 0.000000
vt -0.275000 0.038584 0.000000
vt -0.137500 0.046048 0.000000
vt -0.000000 0.048558 0.000000
vt -0.136117 0.080020 0.000000
vt -0.298309 0.070818 0.000000
vt 0.137500 0.046048 0.000000
vt 0.188357 0.078105 0.000000
vt 0.026108 0.082537 0.000000
vt 0.418614 0.060152 0.000000
vt 0.275000 0.038584 0.000000
vt 0.412500 0.026331 0.000000
vt 0.648697 0.029546 0.000000
vt 0.550000 0.009505 0.000000
vt 0.878635 -0.012875 0.000000
vt 0.825000 -0.036977 0.000000
vt 1.108455 -0.066276 0.000000
vt 1.100000 -0.099421 0.000000
vt 1.100000 -0.099421 0.000000
vt 1.108455 -0.066276 0.000000
vt 0.825000 -0.036977 0.000000
vt 0.946565 -0.027589 0.000000
vt 0.784596 0.005727 0.000000
vt 0.550000 0.009505 0.000000
vt 0.622558 0.033408 0.000000
vt 0.412500 0.026331 0.000000
vt 0.460459 0.055193 0.000000
vt 0.275000 0.038584 0.000000
vt 0.137500 0.046048 0.000000
vt 0.298309 0.070818 0.000000
vt 0.136117 0.080020 0.000000
vt 0.000000 0.048558 0.000000
vt -0.026108 0.082537 0.000000
vt -0.188357 0.078105 0.000000
vt -0.137500 0.046048 0.000000
vt -0.418614 0.060152 0.000000
vt -0.275000 0.038584 0.000000
vt -0.412500 0.026331 0.000000
vt -0.648697 0.029546 0.000000
vt -0.550000 0.009505 0.000000
vt -0.878635 -0.012875 0.000000
vt -0.825000 -0.036977 0.000000
vt -1.108455 -0.066276 0.000000
vt -1.100000 -0.099421 0.000000
vn 0.247171 0.968972 -0.000000
vn 0.204608 0.978844 -0.000000
vn 0.247171 0.968972 -0.000000
vn 0.204608 0.978844 -0.000000
vn 0.157372 0.987539 -0.000000
vn 0.157372 0.987539 -0.000000
vn 0.105501 0.994419 -0.000000
vn 0.105501 0.994419 -0.000000
vn 0.049203 0.998789 -0.000000
vn 0.049203 0.998789 -0.000000
vn 0.005631 0.999984 -0.000000
vn 0.005631 0.999984 -0.000000
vn -0.036369 0.999338 0.000000
vn -0.036369 0.999338 0.000000
vn -0.076589 0.997063 0.000000
vn -0.076589 0.997063 0.000000
vn -0.114876 0.993380 0.000000
vn -0.114876 0.993380 0.000000
vn -0.151122 0.988515 0.000000
vn -0.151122 0.988515 0.000000
vn -0.185264 0.982689 0.000000
vn -0.185264 0.982689 0.000000
vn -0.217278 0.976110 0.000000
vn -0.217278 0.976110 0.000000
vn -0.247171 0.968972 0.000000
vn -0.247171 0.968972 0.000000
vn 0.968972 -0.247171 0.000000
vn 0.968972 -0.247171 0.000000
vn 0.968972 -0.247171 0.000000
vn 0.968972 -0.247171 0.000000
vn 0.247171 -0.968972 0.000000
vn 0.194890 -0.980825 0.000000
vn 0.247171 -0.968972 0.000000
vn 0.194890 -0.980825 0.000000
vn 0.137135 -0.990552 0.000000
vn 0.137135 -0.990552 0.000000
vn 0.105427 -0.994427 0.000000
vn 0.105427 -0.994427 0.000000
vn 0.071754 -0.997422 0.000000
vn 0.071754 -0.997422 0.000000
vn 0.036397 -0.999337 0.000000
vn 0.036397 -0.999337 0.000000
vn 0.000000 -1.000000 0.000000
vn 0.000000 -1.000000 0.000000
vn -0.036397 -0.999337 0.000000
vn -0.036397 -0.999337 0.000000
vn -0.071754 -0.997422 0.000000
vn -0.071754 -0.997422 0.000000
vn -0.105427 -0.994427 0.000000
vn -0.105427 -0.994427 0.000000
vn -0.137135 -0.990552 0.000000
vn -0.137135 -0.990552 0.000000
vn -0.194890 -0.980825 0.000000
vn -0.194890 -0.980825 0.000000
vn -0.247171 -0.968972 0.000000
vn -0.247171 -0.968972 0.000000
vn -0.968972 -0.247171 0.000000
vn -0.968972 -0.247171 0.000000
vn -0.968972 -0.247171 0.000000
vn -0.968972 -0.247171 0.000000
vn 0.000000 0.000000 1.000000
vn 0.000000 0.000000 1.000000
vn 0.000000 0.000000 1.000000
vn 0.000000 0.000000 1.000000
vn 0.000000 0.000000 1.000000
vn 0.000000 0.000000 1.000000
vn 0.000000 0.000000 1.000000
vn 0.000000 0.000000 1.000000
vn 0.000000 0.000000 1.000000
vn 0.000000 0.000000 1.000000
vn 0.000000 0.000000 1.000000
vn 0.000000 0.000000 1.000000
vn 0.000000 0.000000 1.000000
vn 0.000000 0.000000 1.000000
vn 0.000000 0.000000 1.000000
vn 0.000000 0.000000 1.000000
vn 0.000000 0.000000 1.000000
vn 0.000000 0.000000 1.000000
vn 0.000000 0.000000 1.000000
vn 0.000000 0.000000 1.000000
vn 0.000000 0.000000 1.000000
vn 0.000000 0.000000 1.000000
vn 0.000000 0.000000 1.000000
vn 0.000000 0.000000 1.000000
vn 0.000000 0.000000 1.000000
vn 0.000000 0.000000 1.000000
vn -0.000000 -0.000000 -1.000000
vn -0.000000 -0.000000 -1.000000
vn -0.000000 -0.000000 -1.000000
vn -0.000000 -0.000000 -1.000000
vn -0.000000 -0.000000 -1.000000
vn -0.000000 -0.000000 -1.000000
vn -0.000000 -0.000000 -1.000000
vn -0.000000 -0.000000 -1.000000
vn -0.000000 -0.000000 -1.000000
vn -0.000000 -0.000000 -1.000000
vn -0.000000 -0.000000 -1.000000
vn -0.000000 -0.000000 -1.000000
vn -0.000000 -0.000000 -1.000000
vn -0.000000 -0.000000 -1.000000
vn -0.000000 -0.000000 -1.000000
vn -0.000000 -0.000000 -1.000000
vn -0.000000 -0.000000 -1.000000
vn -0.000000 -0.000000 -1.000000
vn -0.000000 -0.000000 -1.000000
vn -0.000000 -0.000000 -1.000000
vn -0.000000 -0.000000 -1.000000
vn -0.000000 -0.000000 -1.000000
vn -0.000000 -0.000000 -1.000000
vn -0.000000 -0.000000 -1.000000
vn -0.000000 -0.000000 -1.000000
vn -0.000000 -0.000000 -1.000000
f 221/485/485 222/486/486 246/487/487
f 246/487/487 222/486/486 245/488/488
f 245/488/488 222/486/486 223/489/489
f 245/488/488 223/489/489 244/490/490
f 244/490/490 223/489/489 224/491/491
f 244/490/490 224/491/491 243/492/492
f 243/492/492 224/491/491 225/493/493
f 243/492/492 225/493/493 242/494/494
f 242/494/494 225/493/493 226/495/495
f 242/494/494 226/495/495 241/496/496
f 241/496/496 226/495/495 227/497/497
f 241/496/496 227/497/497 240/498/498
f 240/498/498 227/497/497 228/499/499
f 240/498/498 228/499/499 239/500/500
f 239/500/500 228/499/499 229/501/501
f 239/500/500 229/501/501 238/502/502
f 238/502/502 229/501/501 230/503/503
f 238/502/502 230/503/503 237/504/504
f 237/504/504 230/503/503 231/505/505
f 237/504/504 231/505/505 236/506/506
f 236/506/506 231/505/505 232/507/507
f 236/506/506 232/507/507 235/508/508
f 235/508/508 232/507/507 233/509/509
f 235/508/508 233/509/509 234/510/510
f 247/511/511 221/512/512 248/513/513
f 248/513/513 221/512/512 246/514/514
f 249/515/515 250/516/516 272/517/517
f 272/517/517 250/516/516 271/518/518
f 271/518/518 250/516/516 251/519/519
f 271/518/518 251/519/519 270/520/520
f 270/520/520 251/519/519 252/521/521
f 270/520/520 252/521/521 269/522/522
f 269/522/522 252/521/521 253/523/523
f 269/522/522 253/523/523 268/524/524
f 268/524/524 253/523/523 254/525/525
f 268/524/524 254/525/525 267/526/526
f 267/526/526 254/525/525 255/527/527
f 267/526/526 255/527/527 266/528/528
f 266/528/528 255/527/527 256/529/529
f 266/528/528 256/529/529 265/530/530
f 265/530/530 256/529/529 257/531/531
f 265/530/530 257/531/531 264/532/532
f 264/532/532 257/531/531 258/533/533
f 264/532/532 258/533/533 263/534/534
f 263/534/534 258/533/533 259/535/535
f 263/534/534 259/535/535 262/536/536
f 262/536/536 259/535/535 260/537/537
f 262/536/536 260/537/537 261/538/538
f 261/538/538 260/537/537 247/539/539
f 261/538/538 247/539/539 248/540/540
f 233/541/541 249/542/542 234/543/543
f 234/543/543 249/542/542 272/544/544
f 272/545/545 271/546/546 234/547/547
f 234/547/547 271/546/546 235/548/548
f 235/548/548 271/546/546 236/549/549
f 236/549/549 271/546/546 270/550/550
f 236/549/549 270/550/550 237/551/551
f 237/551/551 270/550/550 269/552/552
f 237/551/551 269/552/552 238/553/553
f 238/553/553 269/552/552 268/554/554
f 238/553/553 268/554/554 267/555/555
f 266/556/556 240/557/557 267/555/555
f 267/555/555 240/557/557 239/558/558
f 267/555/555 239/558/558 238/553/553
f 265/559/559 242/560/560 266/556/556
f 266/556/556 242/560/560 241/561/561
f 266/556/556 241/561/561 240/557/557
f 242/560/560 265/559/559 243/562/562
f 243/562/562 265/559/559 264/563/563
f 243/562/562 264/563/563 263/564/564
f 243/562/562 263/564/564 244/565/565
f 244/565/565 263/564/564 262/566/566
f 244/565/565 262/566/566 245/567/567
f 245/567/567 262/566/566 261/568/568
f 245/567/567 261/568/568 246/569/569
f 246/569/569 261/568/568 248/570/570
f 249/571/571 233/572/572 250/573/573
f 250/573/573 233/572/572 232/574/574
f 250/573/573 232/574/574 231/575/575
f 250/573/573 231/575/575 251/576/576
f 251/576/576 231/575/575 230/577/577
f 251/576/576 230/577/577 252/578/578
f 252/578/578 230/577/577 229/579/579
f 252/578/578 229/579/579 253/580/580
f 253/580/580 229/579/579 254/581/581
f 254/581/581 229/579/579 228/582/582
f 254/581/581 228/582/582 227/583/583
f 254/581/581 227/583/583 255/584/584
f 255/584/584 227/583/583 226/585/585
f 255/584/584 226/585/585 225/586/586
f 255/584/584 225/586/586 256/587/587
f 256/587/587 225/586/586 224/588/588
f 256/587/587 224/588/588 257/589/589
f 257/589/589 224/588/588 258/590/590
f 258/590/590 224/588/588 223/591/591
f 258/590/590 223/591/591 259/592/592
f 259/592/592 223/591/591 222/593/593
f 259/592/592 222/593/593 260/594/594
f 260/594/594 222/593/593 221/595/595
f 260/594/594 221/595/595 247/596/596
g Body7

v 1.108455 1.333145 0.000000
v 0.878635 1.386545 0.000000
v 0.648697 1.428967 0.000000
v 0.418614 1.459573 0.000000
v 0.188357 1.477526 0.000000
v 0.026108 1.481957 0.000000
v -0.136117 1.479441 0.000000
v -0.298309 1.470238 0.000000
v -0.460459 1.454614 0.000000
v -0.622558 1.432829 0.000000
v -0.784596 1.405147 0.000000
v -0.946565 1.371832 0.000000
v -1.108455 1.333145 0.000000
v -1.108455 1.333145 0.050000
v -0.946565 1.371832 0.050000
v -0.784596 1.405147 0.050000
v -0.622558 1.432829 0.050000
v -0.460459 1.454614 0.050000
v -0.298309 1.470238 0.050000
v -0.136117 1.479441 0.050000
v 0.026108 1.481957 0.050000
v 0.188357 1.477526 0.050000
v 0.418614 1.459573 0.050000
v 0.648697 1.428967 0.050000
v 0.878635 1.386545 0.050000
v 1.108455 1.333145 0.050000
v 1.100000 1.300000 0.000000
v 1.100000 1.300000 0.050000
v -1.100000 1.300000 0.000000
v -0.825000 1.362443 0.000000
v -0.550000 1.408926 0.000000
v -0.412500 1.425752 0.000000
v -0.275000 1.438005 0.000000
v -0.137500 1.445469 0.000000
v 0.000000 1.447978 0.000000
v 0.137500 1.445469 0.000000
v 0.275000 1.438005 0.000000
v 0.412500 1.425752 0.000000
v 0.550000 1.408926 0.000000
v 0.825000 1.362443 0.000000
v 0.825000 1.362443 0.050000
v 0.550000 1.408926 0.050000
v 0.412500 1.425752 0.050000
v 0.275000 1.438005 0.050000
v 0.137500 1.445469 0.050000
v 0.000000 1.447978 0.050000
v -0.137500 1.445469 0.050000
v -0.275000 1.438005 0.050000
v -0.412500 1.425752 0.050000
v -0.550000 1.408926 0.050000
v -0.825000 1.362443 0.050000
v -1.100000 1.300000 0.050000
vt -2.219157 0.000000 0.000000
vt -1.988837 0.000000 0.000000
vt -2.219157 0.050000 0.000000
vt -1.988837 0.050000 0.000000
vt -1.758517 0.000000 0.000000
vt -1.758517 0.050000 0.000000
vt -1.528197 0.000000 0.000000
vt -1.528197 0.050000 0.000000
vt -1.297877 0.000000 0.000000
vt -1.297877 0.050000 0.000000
vt -1.135643 0.000000 0.000000
vt -1.135643 0.050000 0.000000
vt -0.973408 0.000000 0.000000
vt -0.973408 0.050000 0.000000
vt -0.811173 0.000000 0.000000
vt -0.811173 0.050000 0.000000
vt -0.648939 0.000000 0.000000
vt -0.648939 0.050000 0.000000
vt -0.486704 0.000000 0.000000
vt -0.486704 0.050000 0.000000
vt -0.324469 0.000000 0.000000
vt -0.324469 0.050000 0.000000
vt -0.162235 0.000000 0.000000
vt -0.162235 0.050000 0.000000
vt 0.000000 0.000000 0.000000
vt 0.000000 0.050000 0.000000
vt 0.000000 0.000000 0.000000
vt 0.034206 0.000000 0.000000
vt 0.000000 0.050000 0.000000
vt 0.034206 0.050000 0.000000
vt 0.000000 0.000000 0.000000
vt 0.275000 0.000000 0.000000
vt 0.000000 0.050000 0.000000
vt 0.275000 0.050000 0.000000
vt 0.550000 0.000000 0.000000
vt 0.550000 0.050000 0.000000
vt 0.687500 0.000000 0.000000
vt 0.687500 0.050000 0.000000
vt 0.825000 0.000000 0.000000
vt 0.825000 0.050000 0.000000
vt 0.962500 0.000000 0.000000
vt 0.962500 0.050000 0.000000
vt 1.100000 0.000000 0.000000
vt 1.100000 0.050000 0.000000
vt 1.237500 0.000000 0.000000
vt 1.237500 0.050000 0.000000
vt 1.375000 0.000000 0.000000
vt 1.375000 0.050000 0.000000
vt 1.512500 0.000000 0.000000
vt 1.512500 0.050000 0.000000
vt 1.650000 0.000000 0.000000
vt 1.650000 0.050000 0.000000
vt 1.925000 0.000000 0.000000
vt 1.925000 0.050000 0.000000
vt 2.200000 0.000000 0.000000
vt 2.200000 0.050000 0.000000
vt 0.000000 0.000000 0.000000
vt 0.034206 0.000000 0.000000
vt 0.000000 0.050000 0.000000
vt 0.034206 0.050000 0.000000
vt -1.100000 -0.099421 0.000000
vt -0.825000 -0.036977 0.000000
vt -1.108455 -0.066276 0.000000
vt -0.946565 -0.027589 0.000000
vt -0.784596 0.005727 0.000000
vt -0.550000 0.009505 0.000000
vt -0.622558 0.033408 0.000000
vt -0.412500 0.026331 0.000000
vt -0.460459 0.055193 0.000000
vt -0.275000 0.038584 0.000000
vt -0.137500 0.046048 0.000000
vt -0.000000 0.048558 0.000000
vt -0.136117 0.080020 0.000000
vt -0.298309 0.070818 0.000000
vt 0.137500 0.046048 0.000000
vt 0.188357 0.078105 0.000000
vt 0.026108 0.082537 0.000000
vt 0.418614 0.060152 0.000000
vt 0.275000 0.038584 0.000000
vt 0.412500 0.026331 0.000000
vt 0.648697 0.029546 0.000000
vt 0.550000 0.009505 0.000000
vt 0.878635 -0.012875 0.000000
vt 0.825000 -0.036977 0.000000
vt 1.108455 -0.066276 0.000000
vt 1.100000 -0.099421 0.000000
vt 1.100000 -0.099421 0.000000
vt 1.108455 -0.066276 0.000000
vt 0.825000 -0.036977 0.000000
vt 0.946565 -0.027589 0.000000
vt 0.784596 0.005727 0.000000
vt 0.550000 0.009505 0.000000
vt 0.622558 0.033408 0.000000
vt 0.412500 0.026331 0.000000
vt 0.460459 0.055193 0.000000
vt 0.275000 0.038584 0.000000
vt 0.137500 0.046048 0.000000
vt 0.298309 0.070818 0.000000
vt 0.136117 0.080020 0.000000
vt 0.000000 0.048558 0.000000
vt -0.026108 0.082537 0.000000
vt -0.188357 0.078105 0.000000
vt -0.137500 0.046048 0.000000
vt -0.418614 0.060152 0.000000
vt -0.275000 0.038584 0.000000
vt -0.412500 0.026331 0.000000
vt -0.648697 0.029546 0.000000
vt -0.550000 0.009505 0.000000
vt -0.878635 -0.012875 0.000000
vt -0.825000 -0.036977 0.000000
vt -1.108455 -0.066276 0.000000
vt -1.100000 -0.099421 0.000000
vn 0.247171 0.968972 -0.000000
vn 0.204608 0.978844 -0.000000
vn 0.247171 0.968972 -0.000000
vn 0.204608 0.978844 -0.000000
vn 0.157372 0.987539 -0.000000
vn 0.157372 0.987539 -0.000000
vn 0.105501 0.994419 -0.000000
vn 0.105501 0.994419 -0.000000
vn 0.049203 0.998789 -0.000000
vn 0.049203 0.998789 -0.000000
vn 0.005631 0.999984 -0.000000
vn 0.005631 0.999984 -0.000000
vn -0.036369 0.999338 0.000000
vn -0.036369 0.999338 0.000000
vn -0.076589 0.997063 0.000000
vn -0.076589 0.997063 0.000000
vn -0.114876 0.993380 0.000000
vn -0.114876 0.993380 0.000000
vn -0.151122 0.988515 0.000000
vn -0.151122 0.988515 0.000000
vn -0.185264 0.982689 0.000000
vn -0.185264 0.982689 0.000000
vn -0.217278 0.976110 0.000000
vn -0.217278 0.976110 0.000000
vn -0.247171 0.968972 0.000000
vn -0.247171 0.968972 0.000000
vn 0.968972 -0.247171 0.000000
vn 0.968972 -0.247171 0.000000
vn 0.968972 -0.247171 0.000000
vn 0.968972 -0.247171 0.000000
vn 0.247171 -0.968972 0.000000
vn 0.194890 -0.980825 0.000000
vn 0.247171 -0.968972 0.000000
vn 0.194890 -0.980825 0.000000
vn 0.137135 -0.990552 0.000000
vn 0.137135 -0.990552 0.000000
vn 0.105427 -0.994427 0.000000
vn 0.105427 -0.994427 0.000000
vn 0.071754 -0.997422 0.000000
vn 0.071754 -0.997422 0.000000
vn 0.036397 -0.999337 0.000000
vn 0.036397 -0.999337 0.000000
vn 0.000000 -1.000000 0.000000
vn 0.000000 -1.000000 0.000000
vn -0.036397 -0.999337 0.000000
vn -0.036397 -0.999337 0.000000
vn -0.071754 -0.997422 0.000000
vn -0.071754 -0.997422 0.000000
vn -0.105427 -0.994427 0.000000
vn -0.105427 -0.994427 0.000000
vn -0.137135 -0.990552 0.000000
vn -0.137135 -0.990552 0.000000
vn -0.194890 -0.980825 0.000000
vn -0.194890 -0.980825 0.000000
vn -0.247171 -0.968972 0.000000
vn -0.247171 -0.968972 0.000000
vn -0.968972 -0.247171 0.000000
vn -0.968972 -0.247171 0.000000
vn -0.968972 -0.247171 0.000000
vn -0.968972 -0.247171 0.000000
vn 0.000000 0.000000 1.000000
vn 0.000000 0.000000 1.000000
vn 0.000000 0.000000 1.000000
vn 0.000000 0.000000 1.000000
vn 0.000000 0.000000 1.000000
vn 0.000000 0.000000 1.000000
vn 0.000000 0.000000 1.000000
vn 0.000000 0.000000 1.000000
vn 0.000000 0.000000 1.000000
vn 0.000000 0.000000 1.000000
vn 0.000000 0.000000 1.000000
vn 0.000000 0.000000 1.000000
vn 0.000000 0.000000 1.000000
vn 0.000000 0.000000 1.000000
vn 0.000000 0.000000 1.000000
vn 0.000000 0.000000 1.000000
vn 0.000000 0.000000 1.000000
vn 0.000000 0.000000 1.000000
vn 0.000000 0.000000 1.000000
vn 0.000000 0.000000 1.000000
vn 0.000000 0.000000 1.000000
vn 0.000000 0.000000 1.000000
vn 0.000000 0.000000 1.000000
vn 0.000000 0.000000 1.000000
vn 0.000000 0.000000 1.000000
vn 0.000000 0.000000 1.000000
vn -0.000000 -0.000000 -1.000000
vn -0.000000 -0.000000 -1.000000
vn -0.000000 -0.000000 -1.000000
vn -0.000000 -0.000000 -1.000000
vn -0.000000 -0.000000 -1.000000
vn -0.000000 -0.000000 -1.000000
vn -0.000000 -0.000000 -1.000000
vn -0.000000 -0.000000 -1.000000
vn -0.000000 -0.000000 -1.000000
vn -0.000000 -0.000000 -1.000000
vn -0.000000 -0.000000 -1.000000
vn -0.000000 -0.000000 -1.000000
vn -0.000000 -0.000000 -1.000000
vn -0.000000 -0.000000 -1.000000
vn -0.000000 -0.000000 -1.000000
vn -0.000000 -0.000000 -1.000000
vn -0.000000 -0.000000 -1.000000
vn -0.000000 -0.000000 -1.000000
vn -0.000000 -0.000000 -1.000000
vn -0.000000 -0.000000 -1.000000
vn -0.000000 -0.000000 -1.000000
vn -0.000000 -0.000000 -1.000000
vn -0.000000 -0.000000 -1.000000
vn -0.000000 -0.000000 -1.000000
vn -0.000000 -0.000000 -1.000000
vn -0.000000 -0.000000 -1.000000
f 273/597/597 274/598/598 298/599/599
f 298/599/599 274/598/598 297/600/600
f 297/600/600 274/598/598 275/601/601
f 297/600/600 275/601/601 296/602/602
f 296/602/602 275/601/601 276/603/603
f 296/602/602 276/603/603 295/604/604
f 295/604/604 276/603/603 277/605/605
f 295/604/604 277/605/605 294/606/606
f 294/606/606 277/605/605 278/607/607
f 294/606/606 278/607/607 293/608/608
f 293/608/608 278/607/607 279/609/609
f 293/608/608 279/609/609 292/610/610
f 292/610/610 279/609/609 280/611/611
f 292/610/610 280/611/611 291/612/612
f 291/612/612 280/611/611 281/613/613
f 291/612/612 281/613/613 290/614/614
f 290/614/614 281/613/613 282/615/615
f 290/614/614 282/615/615 289/616/616
f 289/616/616 282/615/615 283/617/617
f 289/616/616 283/617/617 288/618/618
f 288/618/618 283/617/617 284/619/619
f 288/618/618 284/619/619 287/620/620
f 287/620/620 284/619/619 285/621/621
f 287/620/620 285/621/621 286/622/622
f 299/623/623 273/624/624 300/625/625
f 300/625/625 273/624/624 298/626/626
f 301/627/627 302/628/628 324/629/629
f 324/629/629 302/628/628 323/630/630
f 323/630/630 302/628/628 303/631/631
f 323/630/630 303/631/631 322/632/632
f 322/632/632 303/631/631 304/633/633
f 322/632/632 304/633/633 321/634/634
f 321/634/634 304/633/633 305/635/635
f 321/634/634 305/635/635 320/636/636
f 320/636/636 305/635/635 306/637/637
f 320/636/636 306/637/637 319/638/638
f 319/638/638 306/637/637 307/639/639
f 319/638/638 307/639/639 318/640/640
f 318/640/640 307/639/639 308/641/641
f 318/640/640 308/641/641 317/642/642
f 317/642/642 308/641/641 309/643/643
f 317/642/642 309/643/643 316/644/644
f 316/644/644 309/643/643 310/645/645
f 316/644/644 310/645/645 315/646/646
f 315/646/646 310/645/645 311/647/647
f 315/646/646 311/647/647 314/648/648
f 314/648/648 311/647/647 312/649/649
f 314/648/648 312/649/649 313/650/650
f 313/650/650 312/649/649 299/651/651
f 313/650/650 299/651/651 300/652/652
f 285/653/653 301/654/654 286/655/655
f 286/655/655 301/654/654 324/656/656
f 324/657/657 323/658/658 286/659/659
f 286/659/659 323/658/658 287/660/660
f 287/660/660 323/658/658 288/661/661
f 288/661/661 323/658/658 322/662/662
f 288/661/661 322/662/662 289/663/663
f 289/663/663 322/662/662 321/664/664
f 289/663/663 321/664/664 290/665/665
f 290/665/665 321/664/664 320/666/666
f 290/665/665 320/666/666 319/667/667
f 318/668/668 292/669/669 319/667/667
f 319/667/667 292/669/669 291/670/670
f 319/667/667 291/670/670 290/665/665
f 317/671/671 294/672/672 318/668/668
f 318/668/668 294/672/672 293/673/673
f 318/668/668 293/673/673 292/669/669
f 294/672/672 317/671/671 295/674/674
f 295/674/674 317/671/671 316/675/675
f 295/674/674 316/675/675 315/676/676
f 295/674/674 315/676/676 296/677/677
f 296/677/677 315/676/676 314/678/678
f 296/677/677 314/678/678 297/679/679
f 297/679/679 314/678/678 313/680/680
f 297/679/679 313/680/680 298/681/681
f 298/681/681 313/680/680 300/682/682
f 301/683/683 285/684/684 302/685/685
f 302/685/685 285/684/684 284/686/686
f 302/685/685 284/686/686 283/687/687
f 302/685/685 283/687/687 303/688/688
f 303/688/688 283/687/687 282/689/689
f 303/688/688 282/689/689 304/690/690
f 304/690/690 282/689/689 281/691/691
f 304/690/690 281/691/691 305/692/692
f 305/692/692 281/691/691 306/693/693
f 306/693/693 281/691/691 280/694/694
f 306/693/693 280/694/694 279/695/695
f 306/693/693 279/695/695 307/696/696
f 307/696/696 279/695/695 278/697/697
f 307/696/696 278/697/697 277/698/698
f 307/696/696 277/698/698 308/699/699
f 308/699/699 277/698/698 276/700/700
f 308/699/699 276/700/700 309/701/701
f 309/701/701 276/700/700 310/702/702
f 310/702/702 276/700/700 275/703/703
f 310/702/702 275/703/703 311/704/704
f 311/704/704 275/703/703 274/705/705
f 311/704/704 274/705/705 312/706/706
f 312/706/706 274/705/705 273/707/707
f 312/706/706 273/707/707 299/708/708
g Body8

v 1.108455 1.533145 0.000000
v 0.878635 1.586545 0.000000
v 0.648697 1.628967 0.000000
v 0.418614 1.659573 0.000000
v 0.188357 1.677526 0.000000
v 0.026108 1.681957 0.000000
v -0.136117 1.679441 0.000000
v -0.298309 1.670238 0.000000
v -0.460459 1.654614 0.000000
v -0.622558 1.632829 0.000000
v -0.784596 1.605147 0.000000
v -0.946565 1.571832 0.000000
v -1.108455 1.533145 0.000000
v -1.108455 1.533145 0.050000
v -0.946565 1.571832 0.050000
v -0.784596 1.605147 0.050000
v -0.622558 1.632829 0.050000
v -0.460459 1.654614 0.050000
v -0.298309 1.670238 0.050000
v -0.136117 1.679441 0.050000
v 0.026108 1.681957 0.050000
v 0.188357 1.677526 0.050000
v 0.418614 1.659573 0.050000
v 0.648697 1.628967 0.050000
v 0.878635 1.586545 0.050000
v 1.108455 1.533145 0.050000
v 1.100000 1.500000 0.000000
v 1.100000 1.500000 0.050000
v -1.100000 1.500000 0.000000
v -0.825000 1.562443 0.000000
v -0.550000 1.608926 0.000000
v -0.412500 1.625752 0.000000
v -0.275000 1.638005 0.000000
v -0.137500 1.645469 0.000000
v 0.000000 1.647978 0.000000
v 0.137500 1.645469 0.000000
v 0.275000 1.638005 0.000000
v 0.412500 1.625752 0.000000
v 0.550000 1.608926 0.000000
v 0.825000 1.562443 0.000000
v 0.825000 1.562443 0.050000
v 0.550000 1.608926 0.050000
v 0.412500 1.625752 0.050000
v 0.275000 1.638005 0.050000
v 0.137500 1.645469 0.050000
v 0.000000 1.647978 0.050000
v -0.137500 1.645469 0.050000
v -0.275000 1.638005 0.050000
v -0.412500 1.625752 0.050000
v -0.550000 1.608926 0.050000
v -0.825000 1.562443 0.050000
v -1.100000 1.500000 0.050000
vt -2.219157 0.000000 0.000000
vt -1.988837 0.000000 0.000000
vt -2.219157 0.050000 0.000000
vt -1.988837 0.050000 0.000000
vt -1.758517 0.000000 0.000000
vt -1.758517 0.050000 0.000000
vt -1.528197 0.000000 0.000000
vt -1.528197 0.050000 0.000000
vt -1.297877 0.000000 0.000000
vt -1.297877 0.050000 0.000000
vt -1.135643 0.000000 0.000000
vt -1.135643 0.050000 0.000000
vt -0.973408 0.000000 0.000000
vt -0.973408 0.050000 0.000000
vt -0.811173 0.000000 0.000000
vt -0.811173 0.050000 0.000000
vt -0.648939 0.000000 0.000000
vt -0.648939 0.050000 0.000000
vt -0.486704 0.000000 0.000000
vt -0.486704 0.050000 0.000000
vt -0.324469 0.000000 0.000000
vt -0.324469 0.050000 0.000000
vt -0.162235 0.000000 0.000000
vt -0.162235 0.050000 0.000000
vt 0.000000 0.000000 0.000000
vt 0.000000 0.050000 0.000000
vt 0.000000 0.000000 0.000000
vt 0.034206 0.000000 0.000000
vt 0.000000 0.050000 0.000000
vt 0.034206 0.050000 0.000000
vt 0.000000 0.000000 0.000000
vt 0.275000 0.000000 0.000000
vt 0.000000 0.050000 0.000000
vt 0.275000 0.050000 0.000000
vt 0.550000 0.000000 0.000000
vt 0.550000 0.050000 0.000000
vt 0.687500 0.000000 0.000000
vt 0.687500 0.050000 0.000000
vt 0.825000 0.000000 0.000000
vt 0.825000 0.050000 0.000000
vt 0.962500 0.000000 0.000000
vt 0.962500 0.050000 0.000000
vt 1.100000 0.000000 0.000000
vt 1.100000 0.050000 0.000000
vt 1.237500 0.000000 0.000000
vt 1.237500 0.050000 0.000000
vt 1.375000 0.000000 0.000000
vt 1.375000 0.050000 0.000000
vt 1.512500 0.000000 0.000000
vt 1.512500 0.050000 0.000000
vt 1.650000 0.000000 0.000000
vt 1.650000 0.050000 0.000000
vt 1.925000 0.000000 0.000000
vt 1.925000 0.050000 0.000000
vt 2.200000 0.000000 0.000000
vt 2.200000 0.050000 0.000000
vt 0.000000 0.000000 0.000000
vt 0.034206 0.000000 0.000000
vt 0.000000 0.050000 0.000000
vt 0.034206 0.050000 0.000000
vt -1.100000 -0.099421 0.000000
vt -0.825000 -0.036977 0.000000
vt -1.108455 -0.066276 0.000000
vt -0.946565 -0.027589 0.000000
vt -0.784596 0.005727 0.000000
vt -0.550000 0.009505 0.000000
vt -0.622558 0.033408 0.000000
vt -0.412500 0.026331 0.000000
vt -0.460459 0.055193 0.000000
vt -0.275000 0.038584 0.000000
vt -0.137500 0.046048 0.000000
vt -0.000000 0.048558 0.000000
vt -0.136117 0.080020 0.000000
vt -0.298309 0.070818 0.000000
vt 0.137500 0.046048 0.000000
vt 0.188357 0.078105 0.000000
vt 0.026108 0.082537 0.000000
vt 0.418614 0.060152 0.000000
vt 0.275000 0.038584 0.000000
vt 0.412500 0.026331 0.000000
vt 0.648697 0.029546 0.000000
vt 0.550000 0.009505 0.000000
vt 0.878635 -0.012875 0.000000
vt 0.825000 -0.036977 0.000000
vt 1.108455 -0.066276 0.000000
vt 1.100000 -0.099421 0.000000
vt 1.100000 -0.099421 0.000000
vt 1.108455 -0.066276 0.000000
vt 0.825000 -0.036977 0.000000
vt 0.946565 -0.027589 0.000000
vt 0.784596 0.005727 0.000000
vt 0.550000 0.009505 0.000000
vt 0.622558 0.033408 0.000000
vt 0.412500 0.026331 0.000000
vt 0.460459 0.055193 0.000000
vt 0.275000 0.038584 0.000000
vt 0.137500 0.046048 0.000000
vt 0.298309 0.070818 0.000000
vt 0.136117 0.080020 0.000000
vt 0.000000 0.048558 0.000000
vt -0.026108 0.082537 0.000000
vt -0.188357 0.078105 0.000000
vt -0.137500 0.046048 0.000000
vt -0.418614 0.060152 0.000000
vt -0.275000 0.038584 0.000000
vt -0.412500 0.026331 0.000000
vt -0.648697 0.029546 0.000000
vt -0.550000 0.009505 0.000000
vt -0.878635 -0.012875 0.000000
vt -0.825000 -0.036977 0.000000
vt -1.108455 -0.066276 0.000000
vt -1.100000 -0.099421 0.000000
vn 0.247171 0.968972 -0.000000
vn 0.204608 0.978844 -0.000000
vn 0.247171 0.968972 -0.000000
vn 0.204608 0.978844 -0.000000
vn 0.157372 0.987539 -0.000000
vn 0.157372 0.987539 -0.000000
vn 0.105501 0.994419 -0.000000
vn 0.105501 0.994419 -0.000000
vn 0.049203 0.998789 -0.000000
vn 0.049203 0.998789 -0.000000
vn 0.005631 0.999984 -0.000000
vn 0.005631 0.999984 -0.000000
vn -0.036369 0.999338 0.000000
vn -0.036369 0.999338 0.000000
vn -0.076589 0.997063 0.000000
vn -0.076589 0.997063 0.000000
vn -0.114876 0.993380 0.000000
vn -0.114876 0.993380 0.000000
vn -0.151122 0.988515 0.000000
vn -0.151122 0.988515 0.000000
vn -0.185264 0.982689 0.000000
vn -0.185264 0.982689 0.000000
vn -0.217278 0.976110 0.000000
vn -0.217278 0.976110 0.000000
vn -0.247171 0.968972 0.000000
vn -0.247171 0.968972 0.000000
vn 0.968972 -0.247171 0.000000
vn 0.968972 -0.247171 0.000000
vn 0.968972 -0.247171 0.000000
vn 0.968972 -0.247171 0.000000
vn 0.247171 -0.968972 0.000000
vn 0.194890 -0.980825 0.000000
vn 0.247171 -0.968972 0.000000
vn 0.194890 -0.980825 0.000000
vn 0.137135 -0.990552 0.000000
vn 0.137135 -0.990552 0.000000
vn 0.105427 -0.994427 0.000000
vn 0.105427 -0.994427 0.000000
vn 0.071754 -0.997422 0.000000
vn 0.071754 -0.997422 0.000000
vn 0.036397 -0.999337 0.000000
vn 0.036397 -0.999337 0.000000
vn 0.000000 -1.000000 0.000000
vn 0.000000 -1.000000 0.000000
vn -0.036397 -0.999337 0.000000
vn -0.036397 -0.999337 0.000000
vn -0.071754 -0.997422 0.000000
vn -0.071754 -0.997422 0.000000
vn -0.105427 -0.994427 0.000000
vn -0.105427 -0.994427 0.000000
vn -0.137135 -0.990552 0.000000
vn -0.137135 -0.990552 0.000000
vn -0.194890 -0.980825 0.000000
vn -0.194890 -0.980825 0.000000
vn -0.247171 -0.968972 0.000000
vn -0.247171 -0.968972 0.000000
vn -0.968972 -0.247171 0.000000
vn -0.968972 -0.247171 0.000000
vn -0.968972 -0.247171 0.000000
vn -0.968972 -0.247171 0.000000
vn 0.000000 0.000000 1.000000
vn 0.000000 0.000000 1.000000
vn 0.000000 0.000000 1.000000
vn 0.000000 0.000000 1.000000
vn 0.000000 0.000000 1.000000
vn 0.000000 0.000000 1.000000
vn 0.000000 0.000000 1.000000
vn 0.000000 0.000000 1.000000
vn 0.000000 0.000000 1.000000
vn 0.000000 0.000000 1.000000
vn 0.000000 0.000000 1.000000
vn 0.000000 0.000000 1.000000
vn 0.000000 0.000000 1.000000
vn 0.000000 0.000000 1.000000
vn 0.000000 0.000000 1.000000
vn 0.000000 0.000000 1.000000
vn 0.000000 0.000000 1.000000
vn 0.000000 0.000000 1.000000
vn 0.000000 0.000000 1.000000
vn 0.000000 0.000000 1.000000
vn 0.000000 0.000000 1.000000
vn 0.000000 0.000000 1.000000
vn 0.000000 0.000000 1.000000
vn 0.000000 0.000000 1.000000
vn 0.000000 0.000000 1.000000
vn 0.000000 0.000000 1.000000
vn -0.000000 -0.000000 -1.000000
vn -0.000000 -0.000000 -1.000000
vn -0.000000 -0.000000 -1.000000
vn -0.000000 -0.000000 -1.000000
vn -0.000000 -0.000000 -1.000000
vn -0.000000 -0.000000 -1.000000
vn -0.000000 -0.000000 -1.000000
vn -0.000000 -0.000000 -1.000000
vn -0.000000 -0.000000 -1.000000
vn -0.000000 -0.000000 -1.000000
vn -0.000000 -0.000000 -1.000000
vn -0.000000 -0.000000 -1.000000
vn -0.000000 -0.000000 -1.000000
vn -0.000000 -0.000000 -1.000000
vn -0.000000 -0.000000 -1.000000
vn -0.000000 -0.000000 -1.000000
vn -0.000000 -0.000000 -1.000000
vn -0.000000 -0.000000 -1.000000
vn -0.000000 -0.000000 -1.000000
vn -0.000000 -0.000000 -1.000000
vn -0.000000 -0.000000 -1.000000
vn -0.000000 -0.000000 -1.000000
vn -0.000000 -0.000000 -1.000000
vn -0.000000 -0.000000 -1.000000
vn -0.000000 -0.000000 -1.000000
vn -0.000000 -0.000000 -1.000000
f 325/709/709 326/710/710 350/711/711
f 350/711/711 326/710/710 349/712/712
f 349/712/712 326/710/710 327/713/713
f 349/712/712 327/713/713 348/714/714
f 348/714/714 327/713/713 328/715/715
f 348/714/714 328/715/715 347/716/716
f 347/716/716 328/715/715 329/717/717
f 347/716/716 329/717/717 346/718/718
f 346/718/718 329/717/717 330/719/719
f 346/718/718 330/719/719 345/720/720
f 345/720/720 330/719/719 331/721/721
f 345/720/720 331/721/721 344/722/722
f 344/722/722 331/721/721 332/723/723
f 344/722/722 332/723/723 343/724/724
f 343/724/724 332/723/723 333/725/725
f 343/724/724 333/725/725 342/726/726
f 342/726/726 333/725/725 334/727/727
f 342/726/726 334/727/727 341/728/728
f 341/728/728 334/727/727 335/729/729
f 341/728/728 335/729/729 340/730/730
f 340/730/730 335/729/729 336/731/731
f 340/730/730 336/731/731 339/732/732
f 339/732/732 336/731/731 337/733/733
f 339/732/732 337/733/733 338/734/734
f 351/735/735 325/736/736 352/737/737
f 352/737/737 325/736/736 350/738/738
f 353/739/739 354/740/740 376/741/741
f 376/741/741 354/740/740 375/742/742
f 375/742/742 354/740/740 355/743/743
f 375/742/742 355/743/743 374/744/744
f 374/744/744 355/743/743 356/745/745
f 374/744/744 356/745/745 373/746/746
f 373/746/746 356/745/745 357/747/747
f 373/746/746 357/747/747 372/748/748
f 372/748/748 357/747/747 358/749/749
f 372/748/748 358/749/749 371/750/750
f 371/750/750 358/749/749 359/751/751
f 371/750/750 359/751/751 370/752/752
f 370/752/752 359/751/751 360/753/753
f 370/752/752 360/753/753 369/754/754
f 369/754/754 360/753/753 361/755/755
f 369/754/754 361/755/755 368/756/756
f 368/756/756 361/755/755 362/757/757
f 368/756/756 362/757/757 367/758/758
f 367/758/758 362/757/757 363/759/759
f 367/758/758 363/759/759 366/760/760
f 366/760/760 363/759/759 364/761/761
f 366/760/760 364/761/761 365/762/762
f 365/762/762 364/761/761 351/763/763
f 365/762/762 351/763/763 352/764/764
f 337/765/765 353/766/766 338/767/767
f 338/767/767 353/766/766 376/768/768
f 376/769/769 375/770/770 338/771/771
f 338/771/771 375/770/770 339/772/772
f 339/772/772 375/770/770 340/773/773
f 340/773/773 375/770/770 374/774/774
f 340/773/773 374/774/774 341/775/775
f 341/775/775 374/774/774 373/776/776
f 341/775/775 373/776/776 342/777/777
f 342/777/777 373/776/776 372/778/778
f 342/777/777 372/778/778 371/779/779
f 370/780/780 344/781/781 371/779/779
f 371/779/779 344/781/781 343/782/782
f 371/779/779 343/782/782 342/777/777
f 369/783/783 346/784/784 370/780/780
f 370/780/780 346/784/784 345/785/785
f 370/780/780 345/785/785 344/781/781
f 346/784/784 369/783/783 347/786/786
f 347/786/786 369/783/783 368/787/787
f 347/786/786 368/787/787 367/788/788
f 347/786/786 367/788/788 348/789/789
f 348/789/789 367/788/788 366/790/790
f 348/789/789 366/790/790 349/791/791
f 349/791/791 366/790/790 365/792/792
f 349/791/791 365/792/792 350/793/793
f 350/793/793 365/792/792 352/794/794
f 353/795/795 337/796/796 354/797/797
f 354/797/797 337/796/796 336/798/798
f 354/797/797 336/798/798 335/799/799
f 354/797/797 335/799/799 355/800/800
f 355/800/800 335/799/799 334/801/801
f 355/800/800 334/801/801 356/802/802
f 356/802/802 334/801/801 333/803/803
f 356/802/802 333/803/803 357/804/804
f 357/804/804 333/803/803 358/805/805
f 358/805/805 333/803/803 332/806/806
f 358/805/805 332/806/806 331/807/807
f 358/805/805 331/807/807 359/808/808
f 359/808/808 331/807/807 330/809/809
f 359/808/808 330/809/809 329/810/810
f 359/808/808 329/810/810 360/811/811
f 360/811/811 329/810/810 328/812/812
f 360/811/811 328/812/812 361/813/813
f 361/813/813 328/812/812 362/814/814
f 362/814/814 328/812/812 327/815/815
f 362/814/814 327/815/815 363/816/816
f 363/816/816 327/815/815 326/817/817
f 363/816/816 326/817/817 364/818/818
f 364/818/818 326/817/817 325/819/819
f 364/818/818 325/819/819 351/820/820
g Body9

v 1.108455 1.433145 0.000000
v 0.878635 1.486545 0.000000
v 0.648697 1.528967 0.000000
v 0.418614 1.559573 0.000000
v 0.188357 1.577526 0.000000
v 0.026108 1.581957 0.000000
v -0.136117 1.579441 0.000000
v -0.298309 1.570238 0.000000
v -0.460459 1.554614 0.000000
v -0.622558 1.532829 0.000000
v -0.784596 1.505147 0.000000
v -0.946565 1.471832 0.000000
v -1.108455 1.433145 0.000000
v -1.108455 1.433145 0.050000
v -0.946565 1.471832 0.050000
v -0.784596 1.505147 0.050000
v -0.622558 1.532829 0.050000
v -0.460459 1.554614 0.050000
v -0.298309 1.570238 0.050000
v -0.136117 1.579441 0.050000
v 0.026108 1.581957 0.050000
v 0.188357 1.577526 0.050000
v 0.418614 1.559573 0.050000
v 0.648697 1.528967 0.050000
v 0.878635 1.486545 0.050000
v 1.108455 1.433145 0.050000
v 1.100000 1.400000 0.000000
v 1.100000 1.400000 0.050000
v -1.100000 1.400000 0.000000
v -0.825000 1.462443 0.000000
v -0.550000 1.508926 0.000000
v -0.412500 1.525752 0.000000
v -0.275000 1.538005 0.000000
v -0.137500 1.545469 0.000000
v 0.000000 1.547978 0.000000
v 0.137500 1.545469 0.000000
v 0.275000 1.538005 0.000000
v 0.412500 1.525752 0.000000
v 0.550000 1.508926 0.000000
v 0.825000 1.462443 0.000000
v 0.825000 1.462443 0.050000
v 0.550000 1.508926 0.050000
v 0.412500 1.525752 0.050000
v 0.275000 1.538005 0.050000
v 0.137500 1.545469 0.050000
v 0.000000 1.547978 0.050000
v -0.137500 1.545469 0.050000
v -0.275000 1.538005 0.050000
v -0.412500 1.525752 0.050000
v -0.550000 1.508926 0.050000
v -0.825000 1.462443 0.050000
v -1.100000 1.400000 0.050000
vt -2.219157 0.000000 0.000000
vt -1.988837 0.000000 0.000000
vt -2.219157 0.050000 0.000000
vt -1.988837 0.050000 0.000000
vt -1.758517 0.000000 0.000000
vt -1.758517 0.050000 0.000000
vt -1.528197 0.000000 0.000000
vt -1.528197 0.050000 0.000000
vt -1.297877 0.000000 0.000000
vt -1.297877 0.050000 0.000000
vt -1.135643 0.000000 0.000000
vt -1.135643 0.050000 0.000000
vt -0.973408 0.000000 0.000000
vt -0.973408 0.050000 0.000000
vt -0.811173 0.000000 0.000000
vt -0.811173 0.050000 0.000000
vt -0.648939 0.000000 0.000000
vt -0.648939 0.050000 0.000000
vt -0.486704 0.000000 0.000000
vt -0.486704 0.050000 0.000000
vt -0.324469 0.000000 0.000000
vt -0.324469 0.050000 0.000000
vt -0.162235 0.000000 0.000000
vt -0.162235 0.050000 0.000000
vt 0.000000 0.000000 0.000000
vt 0.000000 0.050000 0.000000
vt 0.000000 0.000000 0.000000
vt 0.034206 0.000000 0.000000
vt 0.000000 0.050000 0.000000
vt 0.034206 0.050000 0.000000
vt 0.000000 0.000000 0.000000
vt 0.275000 0.000000 0.000000
vt 0.000000 0.050000 0.000000
vt 0.275000 0.050000 0.000000
vt 0.550000 0.000000 0.000000
vt 0.550000 0.050000 0.000000
vt 0.687500 0.000000 0.000000
vt 0.687500 0.050000 0.000000
vt 0.825000 0.000000 0.000000
vt 0.825000 0.050000 0.000000
vt 0.962500 0.000000 0.000000
vt 0.962500 0.050000 0.000000
vt 1.100000 0.000000 0.000000
vt 1.100000 0.050000 0.000000
vt 1.237500 0.000000 0.000000
vt 1.237500 0.050000 0.000000
vt 1.375000 0.000000 0.000000
vt 1.375000 0.050000 0.000000
vt 1.512500 0.000000 0.000000
vt 1.512500 0.050000 0.000000
vt 1.650000 0.000000 0.000000
vt 1.650000 0.050000 0.000000
vt 1.925000 0.000000 0.000000
vt 1.925000 0.050000 0.000000
vt 2.200000 0.000000 0.000000
vt 2.200000 0.050000 0.000000
vt 0.000000 0.000000 0.000000
vt 0.034206 0.000000 0.000000
vt 0.000000 0.050000 0.000000
vt 0.034206 0.050000 0.000000
vt -1.100000 -0.099421 0.000000
vt -0.825000 -0.036977 0.000000
vt -1.108455 -0.066276 0.000000
vt -0.946565 -0.027589 0.000000
vt -0.784596 0.005727 0.000000
vt -0.550000 0.009505 0.000000
vt -0.622558 0.033408 0.000000
vt -0.412500 0.026331 0.000000
vt -0.460459 0.055193 0.000000
vt -0.275000 0.038584 0.000000
vt -0.137500 0.046048 0.000000
vt -0.000000 0.048558 0.000000
vt -0.136117 0.080020 0.000000
vt -0.298309 0.070818 0.000000
vt 0.137500 0.046048 0.000000
vt 0.188357 0.078105 0.000000
vt 0.026108 0.082537 0.000000
vt 0.418614 0.060152 0.000000
vt 0.275000 0.038584 0.000000
vt 0.412500 0.026331 0.000000
vt 0.648697 0.029546 0.000000
vt 0.550000 0.009505 0.000000
vt 0.878635 -0.012875 0.000000
vt 0.825000 -0.036977 0.000000
vt 1.108455 -0.066276 0.000000
vt 1.100000 -0.099421 0.000000
vt 1.100000 -0.099421 0.000000
vt 1.108455 -0.066276 0.000000
vt 0.825000 -0.036977 0.000000
vt 0.946565 -0.027589 0.000000
vt 0.784596 0.005727 0.000000
vt 0.550000 0.009505 0.000000
vt 0.622558 0.033408 0.000000
vt 0.412500 0.026331 0.000000
vt 0.460459 0.055193 0.000000
vt 0.275000 0.038584 0.000000
vt 0.137500 0.046048 0.000000
vt 0.298309 0.070818 0.000000
vt 0.136117 0.080020 0.000000
vt 0.000000 0.048558 0.000000
vt -0.026108 0.082537 0.000000
vt -0.188357 0.078105 0.000000
vt -0.137500 0.046048 0.000000
vt -0.418614 0.060152 0.000000
vt -0.275000 0.038584 0.000000
vt -0.412500 0.026331 0.000000
vt -0.648697 0.029546 0.000000
vt -0.550000 0.009505 0.000000
vt -0.878635 -0.012875 0.000000
vt -0.825000 -0.036977 0.000000
vt -1.108455 -0.066276 0.000000
vt -1.100000 -0.099421 0.000000
vn 0.247171 0.968972 -0.000000
vn 0.204608 0.978844 -0.000000
vn 0.247171 0.968972 -0.000000
vn 0.204608 0.978844 -0.000000
vn 0.157372 0.987539 -0.000000
vn 0.157372 0.987539 -0.000000
vn 0.105501 0.994419 -0.000000
vn 0.105501 0.994419 -0.000000
vn 0.049203 0.998789 -0.000000
vn 0.049203 0.998789 -0.000000
vn 0.005631 0.999984 -0.000000
vn 0.005631 0.999984 -0.000000
vn -0.036369 0.999338 0.000000
vn -0.036369 0.999338 0.000000
vn -0.076589 0.997063 0.000000
vn -0.076589 0.997063 0.000000
vn -0.114876 0.993380 0.000000
vn -0.114876 0.993380 0.000000
vn -0.151122 0.988515 0.000000
vn -0.151122 0.988515 0.000000
vn -0.185264 0.982689 0.000000
vn -0.185264 0.982689 0.000000
vn -0.217278 0.976110 0.000000
vn -0.217278 0.976110 0.000000
vn -0.247171 0.968972 0.000000
vn -0.247171 0.968972 0.000000
vn 0.968972 -0.247171 0.000000
vn 0.968972 -0.247171 0.000000
vn 0.968972 -0.247171 0.000000
vn 0.968972 -0.247171 0.000000
vn 0.247171 -0.968972 0.000000
vn 0.194890 -0.980825 0.000000
vn 0.247171 -0.968972 0.000000
vn 0.194890 -0.980825 0.000000
vn 0.137135 -0.990552 0.000000
vn 0.137135 -0.990552 0.000000
vn 0.105427 -0.994427 0.000000
vn 0.105427 -0.994427 0.000000
vn 0.071754 -0.997422 0.000000
vn 0.071754 -0.997422 0.000000
vn 0.036397 -0.999337 0.000000
vn 0.036397 -0.999337 0.000000
vn 0.000000 -1.000000 0.000000
vn 0.000000 -1.000000 0.000000
vn -0.036397 -0.999337 0.000000
vn -0.036397 -0.999337 0.000000
vn -0.071754 -0.997422 0.000000
vn -0.071754 -0.997422 0.000000
vn -0.105427 -0.994427 0.000000
vn -0.105427 -0.994427 0.000000
vn -0.137135 -0.990552 0.000000
vn -0.137135 -0.990552 0.000000
vn -0.194890 -0.980825 0.000000
vn -0.194890 -0.980825 0.000000
vn -0.247171 -0.968972 0.000000
vn -0.247171 -0.968972 0.000000
vn -0.968972 -0.247171 0.000000
vn -0.968972 -0.247171 0.000000
vn -0.968972 -0.247171 0.000000
vn -0.968972 -0.247171 0.000000
vn 0.000000 0.000000 1.000000
vn 0.000000 0.000000 1.000000
vn 0.000000 0.000000 1.000000
vn 0.000000 0.000000 1.000000
vn 0.000000 0.000000 1.000000
vn 0.000000 0.000000 1.000000
vn 0.000000 0.000000 1.000000
vn 0.000000 0.000000 1.000000
vn 0.000000 0.000000 1.000000
vn 0.000000 0.000000 1.000000
vn 0.000000 0.000000 1.000000
vn 0.000000 0.000000 1.000000
vn 0.000000 0.000000 1.000000
vn 0.000000 0.000000 1.000000
vn 0.000000 0.000000 1.000000
vn 0.000000 0.000000 1.000000
vn 0.000000 0.000000 1.000000
vn 0.000000 0.000000 1.000000
vn 0.000000 0.000000 1.000000
vn 0.000000 0.000000 1.000000
vn 0.000000 0.000000 1.000000
vn 0.000000 0.000000 1.000000
vn 0.000000 0.000000 1.000000
vn 0.000000 0.000000 1.000000
vn 0.000000 0.000000 1.000000
vn 0.000000 0.000000 1.000000
vn -0.000000 -0.000000 -1.000000
vn -0.000000 -0.000000 -1.000000
vn -0.000000 -0.000000 -1.000000
vn -0.000000 -0.000000 -1.000000
vn -0.000000 -0.000000 -1.000000
vn -0.000000 -0.000000 -1.000000
vn -0.000000 -0.000000 -1.000000
vn -0.000000 -0.000000 -1.000000
vn -0.000000 -0.000000 -1.000000
vn -0.000000 -0.000000 -1.000000
vn -0.000000 -0.000000 -1.000000
vn -0.000000 -0.000000 -1.000000
vn -0.000000 -0.000000 -1.000000
vn -0.000000 -0.000000 -1.000000
vn -0.000000 -0.000000 -1.000000
vn -0.000000 -0.000000 -1.000000
vn -0.000000 -0.000000 -1.000000
vn -0.000000 -0.000000 -1.000000
vn -0.000000 -0.000000 -1.000000
vn -0.000000 -0.000000 -1.000000
vn -0.000000 -0.000000 -1.000000
vn -0.000000 -0.000000 -1.000000
vn -0.000000 -0.000000 -1.000000
vn -0.000000 -0.000000 -1.000000
vn -0.000000 -0.000000 -1.000000
vn -0.000000 -0.000000 -1.000000
f 377/821/821 378/822/822 402/823/823
f 402/823/823 378/822/822 401/824/824
f 401/824/824 378/822/822 379/825/825
f 401/824/824 379/825/825 400/826/826
f 400/826/826 379/825/825 380/827/827
f 400/826/826 380/827/827 399/828/828
f 399/828/828 380/827/827 381/829/829
f 399/828/828 381/829/829 398/830/830
f 398/830/830 381/829/829 382/831/831
f 398/830/830 382/831/831 397/832/832
f 397/832/832 382/831/831 383/833/833
f 397/832/832 383/833/833 396/834/834
f 396/834/834 383/833/833 384/835/835
f 396/834/834 384/835/835 395/836/836
f 395/836/836 384/835/835 385/837/837
f 395/836/836 385/837/837 394/838/838
f 394/838/838 385/837/837 386/839/839
f 394/838/838 386/839/839 393/840/840
f 393/840/840 386/839/839 387/841/841
f 393/840/840 387/841/841 392/842/842
f 392/842/842 387/841/841 388/843/843
f 392/842/842 388/843/843 391/844/844
f 391/844/844 388/843/843 389/845/845
f 391/844/844 389/845/845 390/846/846
f 403/847/847 377/848/848 404/849/849
f 404/849/849 377/848/848 402/850/850
f 405/851/851 406/852/852 428/853/853
f 428/853/853 406/852/852 427/854/854
f 427/854/854 406/852/852 407/855/855
f 427/854/854 407/855/855 426/856/856
f 426/856/856 407/855/855 408/857/857
f 426/856/856 408/857/857 425/858/858
f 425/858/858 408/857/857 409/859/859
f 425/858/858 409/859/859 424/860/860
f 424/860/860 409/859/859 410/861/861
f 424/860/860 410/861/861 423/862/862
f 423/862/862 410/861/861 411/863/863
f 423/862/862 411/863/863 422/864/864
f 422/864/864 411/863/863 412/865/865
f 422/864/864 412/865/865 421/866/866
f 421/866/866 412/865/865 413/867/867
f 421/866/866 413/867/867 420/868/868
f 420/868/868 413/867/867 414/869/869
f 420/868/868 414/869/869 419/870/870
f 419/870/870 414/869/869 415/871/871
f 419/870/870 415/871/871 418/872/872
f 418/872/872 415/871/871 416/873/873
f 418/872/872 416/873/873 417/874/874
f 417/874/874 416/873/873 403/875/875
f 417/874/874 403/875/875 404/876/876
f 389/877/877 405/878/878 390/879/879
f 390/879/879 405/878/878 428/880/880
f 428/881/881 427/882/882 390/883/883
f 390/883/883 427/882/882 391/884/884
f 391/884/884 427/882/882 392/885/885
f 392/885/885 427/882/882 426/886/886
f 392/885/885 426/886/886 393/887/887
f 393/887/887 426/886/886 425/888/888
f 393/887/887 425/888/888 394/889/889
f 394/889/889 425/888/888 424/890/890
f 394/889/889 424/890/890 423/891/891
f 422/892/892 396/893/893 423/891/891
f 423/891/891 396/893/893 395/894/894
f 423/891/891 395/894/894 394/889/889
f 421/895/895 398/896/896 422/892/892
f 422/892/892 398/896/896 397/897/897
f 422/892/892 397/897/897 396/893/893
f 398/896/896 421/895/895 399/898/898
f 399/898/898 421/895/895 420/899/899
f 399/898/898 420/899/899 419/900/900
f 399/898/898 419/900/900 400/901/901
f 400/901/901 419/900/900 418/902/902
f 400/901/901 418/902/902 401/903/903
f 401/903/903 418/902/902 417/904/904
f 401/903/903 417/904/904 402/905/905
f 402/905/905 417/904/904 404/906/906
f 405/907/907 389/908/908 406/909/909
f 406/909/909 389/908/908 388/910/910
f 406/909/909 388/910/910 387/911/911
f 406/909/909 387/911/911 407/912/912
f 407/912/912 387/911/911 386/913/913
f 407/912/912 386/913/913 408/914/914
f 408/914/914 386/913/913 385/915/915
f 408/914/914 385/915/915 409/916/916
f 409/916/916 385/915/915 410/917/917
f 410/917/917 385/915/915 384/918/918
f 410/917/917 384/918/918 383/919/919
f 410/917/917 383/919/919 411/920/920
f 411/920/920 383/919/919 382/921/921
f 411/920/920 382/921/921 381/922/922
f 411/920/920 381/922/922 412/923/923
f 412/923/923 381/922/922 380/924/924
f 412/923/923 380/924/924 413/925/925
f 413/925/925 380/924/924 414/926/926
f 414/926/926 380/924/924 379/927/927
f 414/926/926 379/927/927 415/928/928
f 415/928/928 379/927/927 378/929/929
f 415/928/928 378/929/929 416/930/930
f 416/930/930 378/929/929 377/931/931
f 416/930/930 377/931/931 403/932/932
g Body10

v 1.108455 1.633145 0.000000
v 0.878635 1.686545 0.000000
v 0.648697 1.728967 0.000000
v 0.418614 1.759573 0.000000
v 0.188357 1.777526 0.000000
v 0.026108 1.781957 0.000000
v -0.136117 1.779441 0.000000
v -0.298309 1.770238 0.000000
v -0.460459 1.754614 0.000000
v -0.622558 1.732829 0.000000
v -0.784596 1.705147 0.000000
v -0.946565 1.671832 0.000000
v -1.108455 1.633145 0.000000
v -1.108455 1.633145 0.050000
v -0.946565 1.671832 0.050000
v -0.784596 1.705147 0.050000
v -0.622558 1.732829 0.050000
v -0.460459 1.754614 0.050000
v -0.298309 1.770238 0.050000
v -0.136117 1.779441 0.050000
v 0.026108 1.781957 0.050000
v 0.188357 1.777526 0.050000
v 0.418614 1.759573 0.050000
v 0.648697 1.728967 0.050000
v 0.878635 1.686545 0.050000
v 1.108455 1.633145 0.050000
v 1.100000 1.600000 0.000000
v 1.100000 1.600000 0.050000
v -1.100000 1.600000 0.000000
v -0.825000 1.662443 0.000000
v -0.550000 1.708926 0.000000
v -0.412500 1.725752 0.000000
v -0.275000 1.738005 0.000000
v -0.137500 1.745469 0.000000
v 0.000000 1.747978 0.000000
v 0.137500 1.745469 0.000000
v 0.275000 1.738005 0.000000
v 0.412500 1.725752 0.000000
v 0.550000 1.708926 0.000000
v 0.825000 1.662443 0.000000
v 0.825000 1.662443 0.050000
v 0.550000 1.708926 0.050000
v 0.412500 1.725752 0.050000
v 0.275000 1.738005 0.050000
v 0.137500 1.745469 0.050000
v 0.000000 1.747978 0.050000
v -0.137500 1.745469 0.050000
v -0.275000 1.738005 0.050000
v -0.412500 1.725752 0.050000
v -0.550000 1.708926 0.050000
v -0.825000 1.662443 0.050000
v -1.100000 1.600000 0.050000
vt -2.219157 0.000000 0.000000
vt -1.988837 0.000000 0.000000
vt -2.219157 0.050000 0.000000
vt -1.988837 0.050000 0.000000
vt -1.758517 0.000000 0.000000
vt -1.758517 0.050000 0.000000
vt -1.528197 0.000000 0.000000
vt -1.528197 0.050000 0.000000
vt -1.297877 0.000000 0.000000
vt -1.297877 0.050000 0.000000
vt -1.135643 0.000000 0.000000
vt -1.135643 0.050000 0.000000
vt -0.973408 0.000000 0.000000
vt -0.973408 0.050000 0.000000
vt -0.811173 0.000000 0.000000
vt -0.811173 0.050000 0.000000
vt -0.648939 0.000000 0.000000
vt -0.648939 0.050000 0.000000
vt -0.486704 0.000000 0.000000
vt -0.486704 0.050000 0.000000
vt -0.324469 0.000000 0.000000
vt -0.324469 0.050000 0.000000
vt -0.162235 0.000000 0.000000
vt -0.162235 0.050000 0.000000
vt 0.000000 0.000000 0.000000
vt 0.000000 0.050000 0.000000
vt 0.000000 0.000000 0.000000
vt 0.034206 0.000000 0.000000
vt 0.000000 0.050000 0.000000
vt 0.034206 0.050000 0.000000
vt 0.000000 0.000000 0.000000
vt 0.275000 0.000000 0.000000
vt 0.000000 0.050000 0.000000
vt 0.275000 0.050000 0.000000
vt 0.550000 0.000000 0.000000
vt 0.550000 0.050000 0.000000
vt 0.687500 0.000000 0.000000
vt 0.687500 0.050000 0.000000
vt 0.825000 0.000000 0.000000
vt 0.825000 0.050000 0.000000
vt 0.962500 0.000000 0.000000
vt 0.962500 0.050000 0.000000
vt 1.100000 0.000000 0.000000
vt 1.100000 0.050000 0.000000
vt 1.237500 0.000000 0.000000
vt 1.237500 0.050000 0.000000
vt 1.375000 0.000000 0.000000
vt 1.375000 0.050000 0.000000
vt 1.512500 0.000000 0.000000
vt 1.512500 0.050000 0.000000
vt 1.650000 0.000000 0.000000
vt 1.650000 0.050000 0.000000
vt 1.925000 0.000000 0.000000
vt 1.925000 0.050000 0.000000
vt 2.200000 0.000000 0.000000
vt 2.200000 0.050000 0.000000
vt 0.000000 0.000000 0.000000
vt 0.034206 0.000000 0.000000
vt 0.000000 0.050000 0.000000
vt 0.034206 0.050000 0.000000
vt -1.100000 -0.099421 0.000000
vt -0.825000 -0.036977 0.000000
vt -1.108455 -0.066276 0.000000
vt -0.946565 -0.027589 0.000000
vt -0.784596 0.005727 0.000000
vt -0.550000 0.009505 0.000000
vt -0.622558 0.033408 0.000000
vt -0.412500 0.026331 0.000000
vt -0.460459 0.055193 0.000000
vt -0.275000 0.038584 0.000000
vt -0.137500 0.046048 0.000000
vt -0.000000 0.048558 0.000000
vt -0.136117 0.080020 0.000000
vt -0.298309 0.070818 0.000000
vt 0.137500 0.046048 0.000000
vt 0.188357 0.078105 0.000000
vt 0.026108 0.082537 0.000000
vt 0.418614 0.060152 0.000000
vt 0.275000 0.038584 0.000000
vt 0.412500 0.026331 0.000000
vt 0.648697 0.029546 0.000000
vt 0.550000 0.009505 0.000000
vt 0.878635 -0.012875 0.000000
vt 0.825000 -0.036977 0.000000
vt 1.108455 -0.066276 0.000000
vt 1.100000 -0.099421 0.000000
vt 1.100000 -0.099421 0.000000
vt 1.108455 -0.066276 0.000000
vt 0.825000 -0.036977 0.000000
vt 0.946565 -0.027589 0.000000
vt 0.784596 0.005727 0.000000
vt 0.550000 0.009505 0.000000
vt 0.622558 0.033408 0.000000
vt 0.412500 0.026331 0.000000
vt 0.460459 0.055193 0.000000
vt 0.275000 0.038584 0.000000
vt 0.137500 0.046048 0.000000
vt 0.298309 0.070818 0.000000
vt 0.136117 0.080020 0.000000
vt 0.000000 0.048558 0.000000
vt -0.026108 0.082537 0.000000
vt -0.188357 0.078105 0.000000
vt -0.137500 0.046048 0.000000
vt -0.418614 0.060152 0.000000
vt -0.275000 0.038584 0.000000
vt -0.412500 0.026331 0.000000
vt -0.648697 0.029546 0.000000
vt -0.550000 0.009505 0.000000
vt -0.878635 -0.012875 0.000000
vt -0.825000 -0.036977 0.000000
vt -1.108455 -0.066276 0.000000
vt -1.100000 -0.099421 0.000000
vn 0.247171 0.968972 -0.000000
vn 0.204608 0.978844 -0.000000
vn 0.247171 0.968972 -0.000000
vn 0.204608 0.978844 -0.000000
vn 0.157372 0.987539 -0.000000
vn 0.157372 0.987539 -0.000000
vn 0.105501 0.994419 -0.000000
vn 0.105501 0.994419 -0.000000
vn 0.049203 0.998789 -0.000000
vn 0.049203 0.998789 -0.000000
vn 0.005631 0.999984 -0.000000
vn 0.005631 0.999984 -0.000000
vn -0.036369 0.999338 0.000000
vn -0.036369 0.999338 0.000000
vn -0.076589 0.997063 0.000000
vn -0.076589 0.997063 0.000000
vn -0.114876 0.993380 0.000000
vn -0.114876 0.993380 0.000000
vn -0.151122 0.988515 0.000000
vn -0.151122 0.988515 0.000000
vn -0.185264 0.982689 0.000000
vn -0.185264 0.982689 0.000000
vn -0.217278 0.976110 0.000000
vn -0.217278 0.976110 0.000000
vn -0.247171 0.968972 0.000000
vn -0.247171 0.968972 0.000000
vn 0.968972 -0.247171 0.000000
vn 0.968972 -0.247171 0.000000
vn 0.968972 -0.247171 0.000000
vn 0.968972 -0.247171 0.000000
vn 0.247171 -0.968972 0.000000
vn 0.194890 -0.980825 0.000000
vn 0.247171 -0.968972 0.000000
vn 0.194890 -0.980825 0.000000
vn 0.137135 -0.990552 0.000000
vn 0.137135 -0.990552 0.000000
vn 0.105427 -0.994427 0.000000
vn 0.105427 -0.994427 0.000000
vn 0.071754 -0.997422 0.000000
vn 0.071754 -0.997422 0.000000
vn 0.036397 -0.999337 0.000000
vn 0.036397 -0.999337 0.000000
vn 0.000000 -1.000000 0.000000
vn 0.000000 -1.000000 0.000000
vn -0.036397 -0.999337 0.000000
vn -0.036397 -0.999337 0.000000
vn -0.071754 -0.997422 0.000000
vn -0.071754 -0.997422 0.000000
vn -0.105427 -0.994427 0.000000
vn -0.105427 -0.994427 0.000000
vn -0.137135 -0.990552 0.000000
vn -0.137135 -0.990552 0.000000
vn -0.194890 -0.980825 0.000000
vn -0.194890 -0.980825 0.000000
vn -0.247171 -0.968972 0.000000
vn -0.247171 -0.968972 0.000000
vn -0.968972 -0.247171 0.000000
vn -0.968972 -0.247171 0.000000
vn -0.968972 -0.247171 0.000000
vn -0.968972 -0.247171 0.000000
vn 0.000000 0.000000 1.000000
vn 0.000000 0.000000 1.000000
vn 0.000000 0.000000 1.000000
vn 0.000000 0.000000 1.000000
vn 0.000000 0.000000 1.000000
vn 0.000000 0.000000 1.000000
vn 0.000000 0.000000 1.000000
vn 0.000000 0.000000 1.000000
vn 0.000000 0.000000 1.000000
vn 0.000000 0.000000 1.000000
vn 0.000000 0.000000 1.000000
vn 0.000000 0.000000 1.000000
vn 0.000000 0.000000 1.000000
vn 0.000000 0.000000 1.000000
vn 0.000000 0.000000 1.000000
vn 0.000000 0.000000 1.000000
vn 0.000000 0.000000 1.000000
vn 0.000000 0.000000 1.000000
vn 0.000000 0.000000 1.000000
vn 0.000000 0.000000 1.000000
vn 0.000000 0.000000 1.000000
vn 0.000000 0.000000 1.000000
vn 0.000000 0.000000 1.000000
vn 0.000000 0.000000 1.000000
vn 0.000000 0.000000 1.000000
vn 0.000000 0.000000 1.000000
vn -0.000000 -0.000000 -1.000000
vn -0.000000 -0.000000 -1.000000
vn -0.000000 -0.000000 -1.000000
vn -0.000000 -0.000000 -1.000000
vn -0.000000 -0.000000 -1.000000
vn -0.000000 -0.000000 -1.000000
vn -0.000000 -0.000000 -1.000000
vn -0.000000 -0.000000 -1.000000
vn -0.000000 -0.000000 -1.000000
vn -0.000000 -0.000000 -1.000000
vn -0.000000 -0.000000 -1.000000
vn -0.000000 -0.000000 -1.000000
vn -0.000000 -0.000000 -1.000000
vn -0.000000 -0.000000 -1.000000
vn -0.000000 -0.000000 -1.000000
vn -0.000000 -0.000000 -1.000000
vn -0.000000 -0.000000 -1.000000
vn -0.000000 -0.000000 -1.000000
vn -0.000000 -0.000000 -1.000000
vn -0.000000 -0.000000 -1.000000
vn -0.000000 -0.000000 -1.000000
vn -0.000000 -0.000000 -1.000000
vn -0.000000 -0.000000 -1.000000
vn -0.000000 -0.000000 -1.000000
vn -0.000000 -0.000000 -1.000000
vn -0.000000 -0.000000 -1.000000
f 429/933/933 430/934/934 454/935/935
f 454/935/935 430/934/934 453/936/936
f 453/936/936 430/934/934 431/937/937
f 453/936/936 431/937/937 452/938/938
f 452/938/938 431/937/937 432/939/939
f 452/938/938 432/939/939 451/940/940
f 451/940/940 432/939/939 433/941/941
f 451/940/940 433/941/941 450/942/942
f 450/942/942 433/941/941 434/943/943
f 450/942/942 434/943/943 449/944/944
f 449/944/944 434/943/943 435/945/945
f 449/944/944 435/945/945 448/946/946
f 448/946/946 435/945/945 436/947/947
f 448/946/946 436/947/947 447/948/948
f 447/948/948 436/947/947 437/949/949
f 447/948/948 437/949/949 446/950/950
f 446/950/950 437/949/949 438/951/951
f 446/950/950 438/951/951 445/952/952
f 445/952/952 438/951/951 439/953/953
f 445/952/952 439/953/953 444/954/954
f 444/954/954 439/953/953 440/955/955
f 444/954/954 440/955/955 443/956/956
f 443/956/956 440/955/955 441/957/957
f 443/956/956 441/957/957 442/958/958
f 455/959/959 429/960/960 456/961/961
f 456/961/961 429/960/960 454/962/962
f 457/963/963 458/964/964 480/965/965
f 480/965/965 458/964/964 479/966/966
f 479/966/966 458/964/964 459/967/967
f 479/966/966 459/967/967 478/968/968
f 478/968/968 459/967/967 460/969/969
f 478/968/968 460/969/969 477/970/970
f 477/970/970 460/969/969 461/971/971
f 477/970/970 461/971/971 476/972/972
f 476/972/972 461/971/971 462/973/973
f 476/972/972 462/973/973 475/974/974
f 475/974/974 462/973/973 463/975/975
f 475/974/974 463/975/975 474/976/976
f 474/976/976 463/975/975 464/977/977
f 474/976/976 464/977/977 473/978/978
f 473/978/978 464/977/977 465/979/979
f 473/978/978 465/979/979 472/980/980
f 472/980/980 465/979/979 466/981/981
f 472/980/980 466/981/981 471/982/982
f 471/982/982 466/981/981 467/983/983
f 471/982/982 467/983/983 470/984/984
f 470/984/984 467/983/983 468/985/985
f 470/984/984 468/985/985 469/986/986
f 469/986/986 468/985/985 455/987/987
f 469/986/986 455/987/987 456/988/988
f 441/989/989 457/990/990 442/991/991
f 442/991/991 457/990/990 480/992/992
f 480/993/993 479/994/994 442/995/995
f 442/995/995 479/994/994 443/996/996
f 443/996/996 479/994/994 444/997/997
f 444/997/997 479/994/994 478/998/998
f 444/997/997 478/998/998 445/999/999
f 445/999/999 478/998/998 477/1000/1000
f 445/999/999 477/1000/1000 446/1001/1001
f 446/1001/1001 477/1000/1000 476/1002/1002
f 446/1001/1001 476/1002/1002 475/1003/1003
f 474/1004/1004 448/1005/1005 475/1003/1003
f 475/1003/1003 448/1005/1005 447/1006/1006
f 475/1003/1003 447/1006/1006 446/1001/1001
f 473/1007/1007 450/1008/1008 474/1004/1004
f 474/1004/1004 450/1008/1008 449/1009/1009
f 474/1004/1004 449/1009/1009 448/1005/1005
f 450/1008/1008 473/1007/1007 451/1010/1010
f 451/1010/1010 473/1007/1007 472/1011/1011
f 451/1010/1010 472/1011/1011 471/1012/1012
f 451/1010/1010 471/1012/1012 452/1013/1013
f 452/1013/1013 471/1012/1012 470/1014/1014
f 452/1013/1013 470/1014/1014 453/1015/1015
f 453/1015/1015 470/1014/1014 469/1016/1016
f 453/1015/1015 469/1016/1016 454/1017/1017
f 454/1017/1017 469/1016/1016 456/1018/1018
f 457/1019/1019 441/1020/1020 458/1021/1021
f 458/1021/1021 441/1020/1020 440/1022/1022
f 458/1021/1021 440/1022/1022 439/1023/1023
f 458/1021/1021 439/1023/1023 459/1024/1024
f 459/1024/1024 439/1023/1023 438/1025/1025
f 459/1024/1024 438/1025/1025 460/1026/1026
f 460/1026/1026 438/1025/1025 437/1027/1027
f 460/1026/1026 437/1027/1027 461/1028/1028
f 461/1028/1028 437/1027/1027 462/1029/1029
f 462/1029/1029 437/1027/1027 436/1030/1030
f 462/1029/1029 436/1030/1030 435/1031/1031
f 462/1029/1029 435/1031/1031 463/1032/1032
f 463/1032/1032 435/1031/1031 434/1033/1033
f 463/1032/1032 434/1033/1033 433/1034/1034
f 463/1032/1032 433/1034/1034 464/1035/1035
f 464/1035/1035 433/1034/1034 432/1036/1036
f 464/1035/1035 432/1036/1036 465/1037/1037
f 465/1037/1037 432/1036/1036 466/1038/1038
f 466/1038/1038 432/1036/1036 431/1039/1039
f 466/1038/1038 431/1039/1039 467/1040/1040
f 467/1040/1040 431/1039/1039 430/1041/1041
f 467/1040/1040 430/1041/1041 468/1042/1042
f 468/1042/1042 430/1041/1041 429/1043/1043
f 468/1042/1042 429/1043/1043 455/1044/1044
g Body11

v 1.108455 1.733145 0.000000
v 0.878635 1.786545 0.000000
v 0.648697 1.828967 0.000000
v 0.418614 1.859573 0.000000
v 0.188357 1.877526 0.000000
v 0.026108 1.881957 0.000000
v -0.136117 1.879441 0.000000
v -0.298309 1.870238 0.000000
v -0.460459 1.854614 0.000000
v -0.622558 1.832829 0.000000
v -0.784596 1.805147 0.000000
v -0.946565 1.771832 0.000000
v -1.108455 1.733145 0.000000
v -1.108455 1.733145 0.050000
v -0.946565 1.771832 0.050000
v -0.784596 1.805147 0.050000
v -0.622558 1.832829 0.050000
v -0.460459 1.854614 0.050000
v -0.298309 1.870238 0.050000
v -0.136117 1.879441 0.050000
v 0.026108 1.881957 0.050000
v 0.188357 1.877526 0.050000
v 0.418614 1.859573 0.050000
v 0.648697 1.828967 0.050000
v 0.878635 1.786545 0.050000
v 1.108455 1.733145 0.050000
v 1.100000 1.700000 0.000000
v 1.100000 1.700000 0.050000
v -1.100000 1.700000 0.000000
v -0.825000 1.762443 0.000000
v -0.550000 1.808926 0.000000
v -0.412500 1.825752 0.000000
v -0.275000 1.838005 0.000000
v -0.137500 1.845469 0.000000
v 0.000000 1.847978 0.000000
v 0.137500 1.845469 0.000000
v 0.275000 1.838005 0.000000
v 0.412500 1.825752 0.000000
v 0.550000 1.808926 0.000000
v 0.825000 1.762443 0.000000
v 0.825000 1.762443 0.050000
v 0.550000 1.808926 0.050000
v 0.412500 1.825752 0.050000
v 0.275000 1.838005 0.050000
v 0.137500 1.845469 0.050000
v 0.000000 1.847978 0.050000
v -0.137500 1.845469 0.050000
v -0.275000 1.838005 0.050000
v -0.412500 1.825752 0.050000
v -0.550000 1.808926 0.050000
v -0.825000 1.762443 0.050000
v -1.100000 1.700000 0.050000
vt -2.219157 0.000000 0.000000
vt -1.988837 0.000000 0.000000
vt -2.219157 0.050000 0.000000
vt -1.988837 0.050000 0.000000
vt -1.758517 0.000000 0.000000
vt -1.758517 0.050000 0.000000
vt -1.528197 0.000000 0.000000
vt -1.528197 0.050000 0.000000
vt -1.297877 0.000000 0.000000
vt -1.297877 0.050000 0.000000
vt -1.135643 0.000000 0.000000
vt -1.135643 0.050000 0.000000
vt -0.973408 0.000000 0.000000
vt -0.973408 0.050000 0.000000
vt -0.811173 0.000000 0.000000
vt -0.811173 0.050000 0.000000
vt -0.648939 0.000000 0.000000
vt -0.648939 0.050000 0.000000
vt -0.486704 0.000000 0.000000
vt -0.486704 0.050000 0.000000
vt -0.324469 0.000000 0.000000
vt -0.324469 0.050000 0.000000
vt -0.162235 0.000000 0.000000
vt -0.162235 0.050000 0.000000
vt 0.000000 0.000000 0.000000
vt 0.000000 0.050000 0.000000
vt 0.000000 0.000000 0.000000
vt 0.034206 0.000000 0.000000
vt 0.000000 0.050000 0.000000
vt 0.034206 0.050000 0.000000
vt 0.000000 0.000000 0.000000
vt 0.275000 0.000000 0.000000
vt 0.000000 0.050000 0.000000
vt 0.275000 0.050000 0.000000
vt 0.550000 0.000000 0.000000
vt 0.550000 0.050000 0.000000
vt 0.687500 0.000000 0.000000
vt 0.687500 0.050000 0.000000
vt 0.825000 0.000000 0.000000
vt 0.825000 0.050000 0.000000
vt 0.962500 0.000000 0.000000
vt 0.962500 0.050000 0.000000
vt 1.100000 0.000000 0.000000
vt 1.100000 0.050000 0.000000
vt 1.237500 0.000000 0.000000
vt 1.237500 0.050000 0.000000
vt 1.375000 0.000000 0.000000
vt 1.375000 0.050000 0.000000
vt 1.512500 0.000000 0.000000
vt 1.512500 0.050000 0.000000
vt 1.650000 0.000000 0.000000
vt 1.650000 0.050000 0.000000
vt 1.925000 0.000000 0.000000
vt 1.925000 0.050000 0.000000
vt 2.200000 0.000000 0.000000
vt 2.200000 0.050000 0.000000
vt 0.000000 0.000000 0.000000
vt 0.034206 0.000000 0.000000
vt 0.000000 0.050000 0.000000
vt 0.034206 0.050000 0.000000
vt -1.100000 -0.099421 0.000000
vt -0.825000 -0.036977 0.000000
vt -1.108455 -0.066276 0.000000
vt -0.946565 -0.027589 0.000000
vt -0.784596 0.005727 0.000000
vt -0.550000 0.009505 0.000000
vt -0.622558 0.033408 0.000000
vt -0.412500 0.026331 0.000000
vt -0.460459 0.055193 0.000000
vt -0.275000 0.038584 0.000000
vt -0.137500 0.046048 0.000000
vt -0.000000 0.048558 0.000000
vt -0.136117 0.080020 0.000000
vt -0.298309 0.070818 0.000000
vt 0.137500 0.046048 0.000000
vt 0.188357 0.078105 0.000000
vt 0.026108 0.082537 0.000000
vt 0.418614 0.060152 0.000000
vt 0.275000 0.038584 0.000000
vt 0.412500 0.026331 0.000000
vt 0.648697 0.029546 0.000000
vt 0.550000 0.009505 0.000000
vt 0.878635 -0.012875 0.000000
vt 0.825000 -0.036977 0.000000
vt 1.108455 -0.066276 0.000000
vt 1.100000 -0.099421 0.000000
vt 1.100000 -0.099421 0.000000
vt 1.108455 -0.066276 0.000000
vt 0.825000 -0.036977 0.000000
vt 0.946565 -0.027589 0.000000
vt 0.784596 0.005727 0.000000
vt 0.550000 0.009505 0.000000
vt 0.622558 0.033408 0.000000
vt 0.412500 0.026331 0.000000
vt 0.460459 0.055193 0.000000
vt 0.275000 0.038584 0.000000
vt 0.137500 0.046048 0.000000
vt 0.298309 0.070818 0.000000
vt 0.136117 0.080020 0.000000
vt 0.000000 0.048558 0.000000
vt -0.026108 0.082537 0.000000
vt -0.188357 0.078105 0.000000
vt -0.137500 0.046048 0.000000
vt -0.418614 0.060152 0.000000
vt -0.275000 0.038584 0.000000
vt -0.412500 0.026331 0.000000
vt -0.648697 0.029546 0.000000
vt -0.550000 0.009505 0.000000
vt -0.878635 -0.012875 0.000000
vt -0.825000 -0.036977 0.000000
vt -1.108455 -0.066276 0.000000
vt -1.100000 -0.099421 0.000000
vn 0.247171 0.968972 -0.000000
vn 0.204608 0.978844 -0.000000
vn 0.247171 0.968972 -0.000000
vn 0.204608 0.978844 -0.000000
vn 0.157372 0.987539 -0.000000
vn 0.157372 0.987539 -0.000000
vn 0.105501 0.994419 -0.000000
vn 0.105501 0.994419 -0.000000
vn 0.049203 0.998789 -0.000000
vn 0.049203 0.998789 -0.000000
vn 0.005631 0.999984 -0.000000
vn 0.005631 0.999984 -0.000000
vn -0.036369 0.999338 0.000000
vn -0.036369 0.999338 0.000000
vn -0.076589 0.997063 0.000000
vn -0.076589 0.997063 0.000000
vn -0.114876 0.993380 0.000000
vn -0.114876 0.993380 0.000000
vn -0.151122 0.988515 0.000000
vn -0.151122 0.988515 0.000000
vn -0.185264 0.982689 0.000000
vn -0.185264 0.982689 0.000000
vn -0.217278 0.976110 0.000000
vn -0.217278 0.976110 0.000000
vn -0.247171 0.968972 0.000000
vn -0.247171 0.968972 0.000000
vn 0.968972 -0.247171 0.000000
vn 0.968972 -0.247171 0.000000
vn 0.968972 -0.247171 0.000000
vn 0.968972 -0.247171 0.000000
vn 0.247171 -0.968972 0.000000
vn 0.194890 -0.980825 0.000000
vn 0.247171 -0.968972 0.000000
vn 0.194890 -0.980825 0.000000
vn 0.137135 -0.990552 0.000000
vn 0.137135 -0.990552 0.000000
vn 0.105427 -0.994427 0.000000
vn 0.105427 -0.994427 0.000000
vn 0.071754 -0.997422 0.000000
vn 0.071754 -0.997422 0.000000
vn 0.036397 -0.999337 0.000000
vn 0.036397 -0.999337 0.000000
vn 0.000000 -1.000000 0.000000
vn 0.000000 -1.000000 0.000000
vn -0.036397 -0.999337 0.000000
vn -0.036397 -0.999337 0.000000
vn -0.071754 -0.997422 0.000000
vn -0.071754 -0.997422 0.000000
vn -0.105427 -0.994427 0.000000
vn -0.105427 -0.994427 0.000000
vn -0.137135 -0.990552 0.000000
vn -0.137135 -0.990552 0.000000
vn -0.194890 -0.980825 0.000000
vn -0.194890 -0.980825 0.000000
vn -0.247171 -0.968972 0.000000
vn -0.247171 -0.968972 0.000000
vn -0.968972 -0.247171 0.000000
vn -0.968972 -0.247171 0.000000
vn -0.968972 -0.247171 0.000000
vn -0.968972 -0.247171 0.000000
vn 0.000000 0.000000 1.000000
vn 0.000000 0.000000 1.000000
vn 0.000000 0.000000 1.000000
vn 0.000000 0.000000 1.000000
vn 0.000000 0.000000 1.000000
vn 0.000000 0.000000 1.000000
vn 0.000000 0.000000 1.000000
vn 0.000000 0.000000 1.000000
vn 0.000000 0.000000 1.000000
vn 0.000000 0.000000 1.000000
vn 0.000000 0.000000 1.000000
vn 0.000000 0.000000 1.000000
vn 0.000000 0.000000 1.000000
vn 0.000000 0.000000 1.000000
vn 0.000000 0.000000 1.000000
vn 0.000000 0.000000 1.000000
vn 0.000000 0.000000 1.000000
vn 0.000000 0.000000 1.000000
vn 0.000000 0.000000 1.000000
vn 0.000000 0.000000 1.000000
vn 0.000000 0.000000 1.000000
vn 0.000000 0.000000 1.000000
vn 0.000000 0.000000 1.000000
vn 0.000000 0.000000 1.000000
vn 0.000000 0.000000 1.000000
vn 0.000000 0.000000 1.000000
vn -0.000000 -0.000000 -1.000000
vn -0.000000 -0.000000 -1.000000
vn -0.000000 -0.000000 -1.000000
vn -0.000000 -0.000000 -1.000000
vn -0.000000 -0.000000 -1.000000
vn -0.000000 -0.000000 -1.000000
vn -0.000000 -0.000000 -1.000000
vn -0.000000 -0.000000 -1.000000
vn -0.000000 -0.000000 -1.000000
vn -0.000000 -0.000000 -1.000000
vn -0.000000 -0.000000 -1.000000
vn -0.000000 -0.000000 -1.000000
vn -0.000000 -0.000000 -1.000000
vn -0.000000 -0.000000 -1.000000
vn -0.000000 -0.000000 -1.000000
vn -0.000000 -0.000000 -1.000000
vn -0.000000 -0.000000 -1.000000
vn -0.000000 -0.000000 -1.000000
vn -0.000000 -0.000000 -1.000000
vn -0.000000 -0.000000 -1.000000
vn -0.000000 -0.000000 -1.000000
vn -0.000000 -0.000000 -1.000000
vn -0.000000 -0.000000 -1.000000
vn -0.000000 -0.000000 -1.000000
vn -0.000000 -0.000000 -1.000000
vn -0.000000 -0.000000 -1.000000
f 481/1045/1045 482/1046/1046 506/1047/1047
f 506/1047/1047 482/1046/1046 505/1048/1048
f 505/1048/1048 482/1046/1046 483/1049/1049
f 505/1048/1048 483/1049/1049 504/1050/1050
f 504/1050/1050 483/1049/1049 484/1051/1051
f 504/1050/1050 484/1051/1051 503/1052/1052
f 503/1052/1052 484/1051/1051 485/1053/1053
f 503/1052/1052 485/1053/1053 502/1054/1054
f 502/1054/1054 485/1053/1053 486/1055/1055
f 502/1054/1054 486/1055/1055 501/1056/1056
f 501/1056/1056 486/1055/1055 487/1057/1057
f 501/1056/1056 487/1057/1057 500/1058/1058
f 500/1058/1058 487/1057/1057 488/1059/1059
f 500/1058/1058 488/1059/1059 499/1060/1060
f 499/1060/1060 488/1059/1059 489/1061/1061
f 499/1060/1060 489/1061/1061 498/1062/1062
f 498/1062/1062 489/1061/1061 490/1063/1063
f 498/1062/1062 490/1063/1063 497/1064/1064
f 497/1064/1064 490/1063/1063 491/1065/1065
f 497/1064/1064 491/1065/1065 496/1066/1066
f 496/1066/1066 491/1065/1065 492/1067/1067
f 496/1066/1066 492/1067/1067 495/1068/1068
f 495/1068/1068 492/1067/1067 493/1069/1069
f 495/1068/1068 493/1069/1069 494/1070/1070
f 507/1071/1071 481/1072/1072 508/1073/1073
f 508/1073/1073 481/1072/1072 506/1074/1074
f 509/1075/1075 510/1076/1076 532/1077/1077
f 532/1077/1077 510/1076/1076 531/1078/1078
f 531/1078/1078 510/1076/1076 511/1079/1079
f 531/1078/1078 511/1079/1079 530/1080/1080
f 530/1080/1080 511/1079/1079 512/1081/1081
f 530/1080/1080 512/1081/1081 529/1082/1082
f 529/1082/1082 512/1081/1081 513/1083/1083
f 529/1082/1082 513/1083/1083 528/1084/1084
f 528/1084/1084 513/1083/1083 514/1085/1085
f 528/1084/1084 514/1085/1085 527/1086/1086
f 527/1086/1086 514/1085/1085 515/1087/1087
f 527/1086/1086 515/1087/1087 526/1088/1088
f 526/1088/1088 515/1087/1087 516/1089/1089
f 526/1088/1088 516/1089/1089 525/1090/1090
f 525/1090/1090 516/1089/1089 517/1091/1091
f 525/1090/1090 517/1091/1091 524/1092/1092
f 524/1092/1092 517/1091/1091 518/1093/1093
f 524/1092/1092 518/1093/1093 523/1094/1094
f 523/1094/1094 518/1093/1093 519/1095/1095
f 523/1094/1094 519/1095/1095 522/1096/1096
f 522/1096/1096 519/1095/1095 520/1097/1097
f 522/1096/1096 520/1097/1097 521/1098/1098
f 521/1098/1098 520/1097/1097 507/1099/1099
f 521/1098/1098 507/1099/1099 508/1100/1100
f 493/1101/1101 509/1102/1102 494/1103/1103
f 494/1103/1103 509/1102/1102 532/1104/1104
f 532/1105/1105 531/1106/1106 494/1107/1107
f 494/1107/1107 531/1106/1106 495/1108/1108
f 495/1108/1108 531/1106/1106 496/1109/1109
f 496/1109/1109 531/1106/1106 530/1110/1110
f 496/1109/1109 530/1110/1110 497/1111/1111
f 497/1111/1111 530/1110/1110 529/1112/1112
f 497/1111/1111 529/1112/1112 498/1113/1113
f 498/1113/1113 529/1112/1112 528/1114/1114
f 498/1113/1113 528/1114/1114 527/1115/1115
f 526/1116/1116 500/1117/1117 527/1115/1115
f 527/1115/1115 500/1117/1117 499/1118/1118
f 527/1115/1115 499/1118/1118 498/1113/1113
f 525/1119/1119 502/1120/1120 526/1116/1116
f 526/1116/1116 502/1120/1120 501/1121/1121
f 526/1116/1116 501/1121/1121 500/1117/1117
f 502/1120/1120 525/1119/1119 503/1122/1122
f 503/1122/1122 525/1119/1119 524/1123/1123
f 503/1122/1122 524/1123/1123 523/1124/1124
f 503/1122/1122 523/1124/1124 504/1125/1125
f 504/1125/1125 523/1124/1124 522/1126/1126
f 504/1125/1125 522/1126/1126 505/1127/1127
f 505/1127/1127 522/1126/1126 521/1128/1128
f 505/1127/1127 521/1128/1128 506/1129/1129
f 506/1129/1129 521/1128/1128 508/1130/1130
f 509/1131/1131 493/1132/1132 510/1133/1133
f 510/1133/1133 493/1132/1132 492/1134/1134
f 510/1133/1133 492/1134/1134 491/1135/1135
f 510/1133/1133 491/1135/1135 511/1136/1136
f 511/1136/1136 491/1135/1135 490/1137/1137
f 511/1136/1136 490/1137/1137 512/1138/1138
f 512/1138/1138 490/1137/1137 489/1139/1139
f 512/1138/1138 489/1139/1139 513/1140/1140
f 513/1140/1140 489/1139/1139 514/1141/1141
f 514/1141/1141 489/1139/1139 488/1142/1142
f 514/1141/1141 488/1142/1142 487/1143/1143
f 514/1141/1141 487/1143/1143 515/1144/1144
f 515/1144/1144 487/1143/1143 486/1145/1145
f 515/1144/1144 486/1145/1145 485/1146/1146
f 515/1144/1144 485/1146/1146 516/1147/1147
f 516/1147/1147 485/1146/1146 484/1148/1148
f 516/1147/1147 484/1148/1148 517/1149/1149
f 517/1149/1149 484/1148/1148 518/1150/1150
f 518/1150/1150 484/1148/1148 483/1151/1151
f 518/1150/1150 483/1151/1151 519/1152/1152
f 519/1152/1152 483/1151/1151 482/1153/1153
f 519/1152/1152 482/1153/1153 520/1154/1154
f 520/1154/1154 482/1153/1153 481/1155/1155
f 520/1154/1154 481/1155/1155 507/1156/1156
g Body12

v 1.108455 2.033145 0.000000
v 0.878635 2.086545 0.000000
v 0.648697 2.128967 0.000000
v 0.418614 2.159573 0.000000
v 0.188357 2.177526 0.000000
v 0.026108 2.181957 0.000000
v -0.136117 2.179441 0.000000
v -0.298309 2.170238 0.000000
v -0.460459 2.154614 0.000000
v -0.622558 2.132829 0.000000
v -0.784596 2.105147 0.000000
v -0.946565 2.071832 0.000000
v -1.108455 2.033145 0.000000
v -1.108455 2.033145 0.050000
v -0.946565 2.071832 0.050000
v -0.784596 2.105147 0.050000
v -0.622558 2.132829 0.050000
v -0.460459 2.154614 0.050000
v -0.298309 2.170238 0.050000
v -0.136117 2.179441 0.050000
v 0.026108 2.181957 0.050000
v 0.188357 2.177526 0.050000
v 0.418614 2.159573 0.050000
v 0.648697 2.128967 0.050000
v 0.878635 2.086545 0.050000
v 1.108455 2.033145 0.050000
v 1.100000 2.000000 0.000000
v 1.100000 2.000000 0.050000
v -1.100000 2.000000 0.000000
v -0.825000 2.062443 0.000000
v -0.550000 2.108926 0.000000
v -0.412500 2.125752 0.000000
v -0.275000 2.138005 0.000000
v -0.137500 2.145469 0.000000
v 0.000000 2.147978 0.000000
v 0.137500 2.145469 0.000000
v 0.275000 2.138005 0.000000
v 0.412500 2.125752 0.000000
v 0.550000 2.108926 0.000000
v 0.825000 2.062443 0.000000
v 0.825000 2.062443 0.050000
v 0.550000 2.108926 0.050000
v 0.412500 2.125752 0.050000
v 0.275000 2.138005 0.050000
v 0.137500 2.145469 0.050000
v 0.000000 2.147978 0.050000
v -0.137500 2.145469 0.050000
v -0.275000 2.138005 0.050000
v -0.412500 2.125752 0.050000
v -0.550000 2.108926 0.050000
v -0.825000 2.062443 0.050000
v -1.100000 2.000000 0.050000
vt -2.219157 0.000000 0.000000
vt -1.988837 0.000000 0.000000
vt -2.219157 0.050000 0.000000
vt -1.988837 0.050000 0.000000
vt -1.758517 0.000000 0.000000
vt -1.758517 0.050000 0.000000
vt -1.528197 0.000000 0.000000
vt -1.528197 0.050000 0.000000
vt -1.297877 0.000000 0.000000
vt -1.297877 0.050000 0.000000
vt -1.135643 0.000000 0.000000
vt -1.135643 0.050000 0.000000
vt -0.973408 0.000000 0.000000
vt -0.973408 0.050000 0.000000
vt -0.811173 0.000000 0.000000
vt -0.811173 0.050000 0.000000
vt -0.648939 0.000000 0.000000
vt -0.648939 0.050000 0.000000
vt -0.486704 0.000000 0.000000
vt -0.486704 0.050000 0.000000
vt -0.324469 0.000000 0.000000
vt -0.324469 0.050000 0.000000
vt -0.162235 0.000000 0.000000
vt -0.162235 0.050000 0.000000
vt 0.000000 0.000000 0.000000
vt 0.000000 0.050000 0.000000
vt 0.000000 0.000000 0.000000
vt 0.034206 0.000000 0.000000
vt 0.000000 0.050000 0.000000
vt 0.034206 0.050000 0.000000
vt 0.000000 0.000000 0.000000
vt 0.275000 0.000000 0.000000
vt 0.000000 0.050000 0.000000
vt 0.275000 0.050000 0.000000
vt 0.550000 0.000000 0.000000
vt 0.550000 0.050000 0.000000
vt 0.687500 0.000000 0.000000
vt 0.687500 0.050000 0.000000
vt 0.825000 0.000000 0.000000
vt 0.825000 0.050000 0.000000
vt 0.962500 0.000000 0.000000
vt 0.962500 0.050000 0.000000
vt 1.100000 0.000000 0.000000
vt 1.100000 0.050000 0.000000
vt 1.237500 0.000000 0.000000
vt 1.237500 0.050000 0.000000
vt 1.375000 0.000000 0.000000
vt 1.375000 0.050000 0.000000
vt 1.512500 0.000000 0.000000
vt 1.512500 0.050000 0.000000
vt 1.650000 0.000000 0.000000
vt 1.650000 0.050000 0.000000
vt 1.925000 0.000000 0.000000
vt 1.925000 0.050000 0.000000
vt 2.200000 0.000000 0.000000
vt 2.200000 0.050000 0.000000
vt 0.000000 0.000000 0.000000
vt 0.034206 0.000000 0.000000
vt 0.000000 0.050000 0.000000
vt 0.034206 0.050000 0.000000
vt -1.100000 -0.099421 0.000000
vt -0.825000 -0.036977 0.000000
vt -1.108455 -0.066276 0.000000
vt -0.946565 -0.027589 0.000000
vt -0.784596 0.005727 0.000000
vt -0.550000 0.009505 0.000000
vt -0.622558 0.033408 0.000000
vt -0.412500 0.026331 0.000000
vt -0.460459 0.055193 0.000000
vt -0.275000 0.038584 0.000000
vt -0.137500 0.046048 0.000000
vt -0.000000 0.048558 0.000000
vt -0.136117 0.080020 0.000000
vt -0.298309 0.070818 0.000000
vt 0.137500 0.046048 0.000000
vt 0.188357 0.078105 0.000000
vt 0.026108 0.082537 0.000000
vt 0.418614 0.060152 0.000000
vt 0.275000 0.038584 0.000000
vt 0.412500 0.026331 0.000000
vt 0.648697 0.029546 0.000000
vt 0.550000 0.009505 0.000000
vt 0.878635 -0.012875 0.000000
vt 0.825000 -0.036977 0.000000
vt 1.108455 -0.066276 0.000000
vt 1.100000 -0.099421 0.000000
vt 1.100000 -0.099421 0.000000
vt 1.108455 -0.066276 0.000000
vt 0.825000 -0.036977 0.000000
vt 0.946565 -0.027589 0.000000
vt 0.784596 0.005727 0.000000
vt 0.550000 0.009505 0.000000
vt 0.622558 0.033408 0.000000
vt 0.412500 0.026331 0.000000
vt 0.460459 0.055193 0.000000
vt 0.275000 0.038584 0.000000
vt 0.137500 0.046048 0.000000
vt 0.298309 0.070818 0.000000
vt 0.136117 0.080020 0.000000
vt 0.000000 0.048558 0.000000
vt -0.026108 0.082537 0.000000
vt -0.188357 0.078105 0.000000
vt -0.137500 0.046048 0.000000
vt -0.418614 0.060152 0.000000
vt -0.275000 0.038584 0.000000
vt -0.412500 0.026331 0.000000
vt -0.648697 0.029546 0.000000
vt -0.550000 0.009505 0.000000
vt -0.878635 -0.012875 0.000000
vt -0.825000 -0.036977 0.000000
vt -1.108455 -0.066276 0.000000
vt -1.100000 -0.099421 0.000000
vn 0.247171 0.968972 -0.000000
vn 0.204608 0.978844 -0.000000
vn 0.247171 0.968972 -0.000000
vn 0.204608 0.978844 -0.000000
vn 0.157372 0.987539 -0.000000
vn 0.157372 0.987539 -0.000000
vn 0.105501 0.994419 -0.000000
vn 0.105501 0.994419 -0.000000
vn 0.049203 0.998789 -0.000000
vn 0.049203 0.998789 -0.000000
vn 0.005631 0.999984 -0.000000
vn 0.005631 0.999984 -0.000000
vn -0.036369 0.999338 0.000000
vn -0.036369 0.999338 0.000000
vn -0.076589 0.997063 0.000000
vn -0.076589 0.997063 0.000000
vn -0.114876 0.993380 0.000000
vn -0.114876 0.993380 0.000000
vn -0.151122 0.988515 0.000000
vn -0.151122 0.988515 0.000000
vn -0.185264 0.982689 0.000000
vn -0.185264 0.982689 0.000000
vn -0.217278 0.976110 0.000000
vn -0.217278 0.976110 0.000000
vn -0.247171 0.968972 0.000000
vn -0.247171 0.968972 0.000000
vn 0.968972 -0.247171 0.000000
vn 0.968972 -0.247171 0.000000
vn 0.968972 -0.247171 0.000000
vn 0.968972 -0.247171 0.000000
vn 0.247171 -0.968972 0.000000
vn 0.194890 -0.980825 0.000000
vn 0.247171 -0.968972 0.000000
vn 0.194890 -0.980825 0.000000
vn 0.137135 -0.990552 0.000000
vn 0.137135 -0.990552 0.000000
vn 0.105427 -0.994427 0.000000
vn 0.105427 -0.994427 0.000000
vn 0.071754 -0.997422 0.000000
vn 0.071754 -0.997422 0.000000
vn 0.036397 -0.999337 0.000000
vn 0.036397 -0.999337 0.000000
vn 0.000000 -1.000000 0.000000
vn 0.000000 -1.000000 0.000000
vn -0.036397 -0.999337 0.000000
vn -0.036397 -0.999337 0.000000
vn -0.071754 -0.997422 0.000000
vn -0.071754 -0.997422 0.000000
vn -0.105427 -0.994427 0.000000
vn -0.105427 -0.994427 0.000000
vn -0.137135 -0.990552 0.000000
vn -0.137135 -0.990552 0.000000
vn -0.194890 -0.980825 0.000000
vn -0.194890 -0.980825 0.000000
vn -0.247171 -0.968972 0.000000
vn -0.247171 -0.968972 0.000000
vn -0.968972 -0.247171 0.000000
vn -0.968972 -0.247171 0.000000
vn -0.968972 -0.247171 0.000000
vn -0.968972 -0.247171 0.000000
vn 0.000000 0.000000 1.000000
vn 0.000000 0.000000 1.000000
vn 0.000000 0.000000 1.000000
vn 0.000000 0.000000 1.000000
vn 0.000000 0.000000 1.000000
vn 0.000000 0.000000 1.000000
vn 0.000000 0.000000 1.000000
vn 0.000000 0.000000 1.000000
vn 0.000000 0.000000 1.000000
vn 0.000000 0.000000 1.000000
vn 0.000000 0.000000 1.000000
vn 0.000000 0.000000 1.000000
vn 0.000000 0.000000 1.000000
vn 0.000000 0.000000 1.000000
vn 0.000000 0.000000 1.000000
vn 0.000000 0.000000 1.000000
vn 0.000000 0.000000 1.000000
vn 0.000000 0.000000 1.000000
vn 0.000000 0.000000 1.000000
vn 0.000000 0.000000 1.000000
vn 0.000000 0.000000 1.000000
vn 0.000000 0.000000 1.000000
vn 0.000000 0.000000 1.000000
vn 0.000000 0.000000 1.000000
vn 0.000000 0.000000 1.000000
vn 0.000000 0.000000 1.000000
vn -0.000000 -0.000000 -1.000000
vn -0.000000 -0.000000 -1.000000
vn -0.000000 -0.000000 -1.000000
vn -0.000000 -0.000000 -1.000000
vn -0.000000 -0.000000 -1.000000
vn -0.000000 -0.000000 -1.000000
vn -0.000000 -0.000000 -1.000000
vn -0.000000 -0.000000 -1.000000
vn -0.000000 -0.000000 -1.000000
vn -0.000000 -0.000000 -1.000000
vn -0.000000 -0.000000 -1.000000
vn -0.000000 -0.000000 -1.000000
vn -0.000000 -0.000000 -1.000000
vn -0.000000 -0.000000 -1.000000
vn -0.000000 -0.000000 -1.000000
vn -0.000000 -0.000000 -1.000000
vn -0.000000 -0.000000 -1.000000
vn -0.000000 -0.000000 -1.000000
vn -0.000000 -0.000000 -1.000000
vn -0.000000 -0.000000 -1.000000
vn -0.000000 -0.000000 -1.000000
vn -0.000000 -0.000000 -1.000000
vn -0.000000 -0.000000 -1.000000
vn -0.000000 -0.000000 -1.000000
vn -0.000000 -0.000000 -1.000000
vn -0.000000 -0.000000 -1.000000
f 533/1157/1157 534/1158/1158 558/1159/1159
f 558/1159/1159 534/1158/1158 557/1160/1160
f 557/1160/1160 534/1158/1158 535/1161/1161
f 557/1160/1160 535/1161/1161 556/1162/1162
f 556/1162/1162 535/1161/1161 536/1163/1163
f 556/1162/1162 536/1163/1163 555/1164/1164
f 555/1164/1164 536/1163/1163 537/1165/1165
f 555/1164/1164 537/1165/1165 554/1166/1166
f 554/1166/1166 537/1165/1165 538/1167/1167
f 554/1166/1166 538/1167/1167 553/1168/1168
f 553/1168/1168 538/1167/1167 539/1169/1169
f 553/1168/1168 539/1169/1169 552/1170/1170
f 552/1170/1170 539/1169/1169 540/1171/1171
f 552/1170/1170 540/1171/1171 551/1172/1172
f 551/1172/1172 540/1171/1171 541/1173/1173
f 551/1172/1172 541/1173/1173 550/1174/1174
f 550/1174/1174 541/1173/1173 542/1175/1175
f 550/1174/1174 542/1175/1175 549/1176/1176
f 549/1176/1176 542/1175/1175 543/1177/1177
f 549/1176/1176 543/1177/1177 548/1178/1178
f 548/1178/1178 543/1177/1177 544/1179/1179
f 548/1178/1178 544/1179/1179 547/1180/1180
f 547/1180/1180 544/1179/1179 545/1181/1181
f 547/1180/1180 545/1181/1181 546/1182/1182
f 559/1183/1183 533/1184/1184 560/1185/1185
f 560/1185/1185 533/1184/1184 558/1186/1186
f 561/1187/1187 562/1188/1188 584/1189/1189
f 584/1189/1189 562/1188/1188 583/1190/1190
f 583/1190/1190 562/1188/1188 563/1191/1191
f 583/1190/1190 563/1191/1191 582/1192/1192
f 582/1192/1192 563/1191/1191 564/1193/1193
f 582/1192/1192 564/1193/1193 581/1194/1194
f 581/1194/1194 564/1193/1193 565/1195/1195
f 581/1194/1194 565/1195/1195 580/1196/1196
f 580/1196/1196 565/1195/1195 566/1197/1197
f 580/1196/1196 566/1197/1197 579/1198/1198
f 579/1198/1198 566/1197/1197 567/1199/1199
f 579/1198/1198 567/1199/1199 578/1200/1200
f 578/1200/1200 567/1199/1199 568/1201/1201
f 578/1200/1200 568/1201/1201 577/1202/1202
f 577/1202/1202 568/1201/1201 569/1203/1203
f 577/1202/1202 569/1203/1203 576/1204/1204
f 576/1204/1204 569/1203/1203 570/1205/1205
f 576/1204/1204 570/1205/1205 575/1206/1206
f 575/1206/1206 570/1205/1205 571/1207/1207
f 575/1206/1206 571/1207/1207 574/1208/1208
f 574/1208/1208 571/1207/1207 572/1209/1209
f 574/1208/1208 572/1209/1209 573/1210/1210
f 573/1210/1210 572/1209/1209 559/1211/1211
f 573/1210/1210 559/1211/1211 560/1212/1212
f 545/1213/1213 561/1214/1214 546/1215/1215
f 546/1215/1215 561/1214/1214 584/1216/1216
f 584/1217/1217 583/1218/1218 546/1219/1219
f 546/1219/1219 583/1218/1218 547/1220/1220
f 547/1220/1220 583/1218/1218 548/1221/1221
f 548/1221/1221 583/1218/1218 582/1222/1222
f 548/1221/1221 582/1222/1222 549/1223/1223
f 549/1223/1223 582/1222/1222 581/1224/1224
f 549/1223/1223 581/1224/1224 550/1225/1225
f 550/1225/1225 581/1224/1224 580/1226/1226
f 550/1225/1225 580/1226/1226 579/1227/1227
f 578/1228/1228 552/1229/1229 579/1227/1227
f 579/1227/1227 552/1229/1229 551/1230/1230
f 579/1227/1227 551/1230/1230 550/1225/1225
f 577/1231/1231 554/1232/1232 578/1228/1228
f 578/1228/1228 554/1232/1232 553/1233/1233
f 578/1228/1228 553/1233/1233 552/1229/1229
f 554/1232/1232 577/1231/1231 555/1234/1234
f 555/1234/1234 577/1231/1231 576/1235/1235
f 555/1234/1234 576/1235/1235 575/1236/1236
f 555/1234/1234 575/1236/1236 556/1237/1237
f 556/1237/1237 575/1236/1236 574/1238/1238
f 556/1237/1237 574/1238/1238 557/1239/1239
f 557/1239/1239 574/1238/1238 573/1240/1240
f 557/1239/1239 573/1240/1240 558/1241/1241
f 558/1241/1241 573/1240/1240 560/1242/1242
f 561/1243/1243 545/1244/1244 562/1245/1245
f 562/1245/1245 545/1244/1244 544/1246/1246
f 562/1245/1245 544/1246/1246 543/1247/1247
f 562/1245/1245 543/1247/1247 563/1248/1248
f 563/1248/1248 543/1247/1247 542/1249/1249
f 563/1248/1248 542/1249/1249 564/1250/1250
f 564/1250/1250 542/1249/1249 541/1251/1251
f 564/1250/1250 541/1251/1251 565/1252/1252
f 565/1252/1252 541/1251/1251 566/1253/1253
f 566/1253/1253 541/1251/1251 540/1254/1254
f 566/1253/1253 540/1254/1254 539/1255/1255
f 566/1253/1253 539/1255/1255 567/1256/1256
f 567/1256/1256 539/1255/1255 538/1257/1257
f 567/1256/1256 538/1257/1257 537/1258/1258
f 567/1256/1256 537/1258/1258 568/1259/1259
f 568/1259/1259 537/1258/1258 536/1260/1260
f 568/1259/1259 536/1260/1260 569/1261/1261
f 569/1261/1261 536/1260/1260 570/1262/1262
f 570/1262/1262 536/1260/1260 535/1263/1263
f 570/1262/1262 535/1263/1263 571/1264/1264
f 571/1264/1264 535/1263/1263 534/1265/1265
f 571/1264/1264 534/1265/1265 572/1266/1266
f 572/1266/1266 534/1265/1265 533/1267/1267
f 572/1266/1266 533/1267/1267 559/1268/1268
g Body13

v 1.108455 1.933145 0.000000
v 0.878635 1.986545 0.000000
v 0.648697 2.028967 0.000000
v 0.418614 2.059573 0.000000
v 0.188357 2.077526 0.000000
v 0.026108 2.081957 0.000000
v -0.136117 2.079441 0.000000
v -0.298309 2.070238 0.000000
v -0.460459 2.054614 0.000000
v -0.622558 2.032829 0.000000
v -0.784596 2.005147 0.000000
v -0.946565 1.971832 0.000000
v -1.108455 1.933145 0.000000
v -1.108455 1.933145 0.050000
v -0.946565 1.971832 0.050000
v -0.784596 2.005147 0.050000
v -0.622558 2.032829 0.050000
v -0.460459 2.054614 0.050000
v -0.298309 2.070238 0.050000
v -0.136117 2.079441 0.050000
v 0.026108 2.081957 0.050000
v 0.188357 2.077526 0.050000
v 0.418614 2.059573 0.050000
v 0.648697 2.028967 0.050000
v 0.878635 1.986545 0.050000
v 1.108455 1.933145 0.050000
v 1.100000 1.900000 0.000000
v 1.100000 1.900000 0.050000
v -1.100000 1.900000 0.000000
v -0.825000 1.962443 0.000000
v -0.550000 2.008926 0.000000
v -0.412500 2.025752 0.000000
v -0.275000 2.038005 0.000000
v -0.137500 2.045469 0.000000
v 0.000000 2.047978 0.000000
v 0.137500 2.045469 0.000000
v 0.275000 2.038005 0.000000
v 0.412500 2.025752 0.000000
v 0.550000 2.008926 0.000000
v 0.825000 1.962443 0.000000
v 0.825000 1.962443 0.050000
v 0.550000 2.008926 0.050000
v 0.412500 2.025752 0.050000
v 0.275000 2.038005 0.050000
v 0.137500 2.045469 0.050000
v 0.000000 2.047978 0.050000
v -0.137500 2.045469 0.050000
v -0.275000 2.038005 0.050000
v -0.412500 2.025752 0.050000
v -0.550000 2.008926 0.050000
v -0.825000 1.962443 0.050000
v -1.100000 1.900000 0.050000
vt -2.219157 0.000000 0.000000
vt -1.988837 0.000000 0.000000
vt -2.219157 0.050000 0.000000
vt -1.988837 0.050000 0.000000
vt -1.758517 0.000000 0.000000
vt -1.758517 0.050000 0.000000
vt -1.528197 0.000000 0.000000
vt -1.528197 0.050000 0.000000
vt -1.297877 0.000000 0.000000
vt -1.297877 0.050000 0.000000
vt -1.135643 0.000000 0.000000
vt -1.135643 0.050000 0.000000
vt -0.973408 0.000000 0.000000
vt -0.973408 0.050000 0.000000
vt -0.811173 0.000000 0.000000
vt -0.811173 0.050000 0.000000
vt -0.648939 0.000000 0.000000
vt -0.648939 0.050000 0.000000
vt -0.486704 0.000000 0.000000
vt -0.486704 0.050000 0.000000
vt -0.324469 0.000000 0.000000
vt -0.324469 0.050000 0.000000
vt -0.162235 0.000000 0.000000
vt -0.162235 0.050000 0.000000
vt 0.000000 0.000000 0.000000
vt 0.000000 0.050000 0.000000
vt 0.000000 0.000000 0.000000
vt 0.034206 0.000000 0.000000
vt 0.000000 0.050000 0.000000
vt 0.034206 0.050000 0.000000
vt 0.000000 0.000000 0.000000
vt 0.275000 0.000000 0.000000
vt 0.000000 0.050000 0.000000
vt 0.275000 0.050000 0.000000
vt 0.550000 0.000000 0.000000
vt 0.550000 0.050000 0.000000
vt 0.687500 0.000000 0.000000
vt 0.687500 0.050000 0.000000
vt 0.825000 0.000000 0.000000
vt 0.825000 0.050000 0.000000
vt 0.962500 0.000000 0.000000
vt 0.962500 0.050000 0.000000
vt 1.100000 0.000000 0.000000
vt 1.100000 0.050000 0.000000
vt 1.237500 0.000000 0.000000
vt 1.237500 0.050000 0.000000
vt 1.375000 0.000000 0.000000
vt 1.375000 0.050000 0.000000
vt 1.512500 0.000000 0.000000
vt 1.512500 0.050000 0.000000
vt 1.650000 0.000000 0.000000
vt 1.650000 0.050000 0.000000
vt 1.925000 0.000000 0.000000
vt 1.925000 0.050000 0.000000
vt 2.200000 0.000000 0.000000
vt 2.200000 0.050000 0.000000
vt 0.000000 0.000000 0.000000
vt 0.034206 0.000000 0.000000
vt 0.000000 0.050000 0.000000
vt 0.034206 0.050000 0.000000
vt -1.100000 -0.099421 0.000000
vt -0.825000 -0.036977 0.000000
vt -1.108455 -0.066276 0.000000
vt -0.946565 -0.027589 0.000000
vt -0.784596 0.005727 0.000000
vt -0.550000 0.009505 0.000000
vt -0.622558 0.033408 0.000000
vt -0.412500 0.026331 0.000000
vt -0.460459 0.055193 0.000000
vt -0.275000 0.038584 0.000000
vt -0.137500 0.046048 0.000000
vt -0.000000 0.048558 0.000000
vt -0.136117 0.080020 0.000000
vt -0.298309 0.070818 0.000000
vt 0.137500 0.046048 0.000000
vt 0.188357 0.078105 0.000000
vt 0.026108 0.082537 0.000000
vt 0.418614 0.060152 0.000000
vt 0.275000 0.038584 0.000000
vt 0.412500 0.026331 0.000000
vt 0.648697 0.029546 0.000000
vt 0.550000 0.009505 0.000000
vt 0.878635 -0.012875 0.000000
vt 0.825000 -0.036977 0.000000
vt 1.108455 -0.066276 0.000000
vt 1.100000 -0.099421 0.000000
vt 1.100000 -0.099421 0.000000
vt 1.108455 -0.066276 0.000000
vt 0.825000 -0.036977 0.000000
vt 0.946565 -0.027589 0.000000
vt 0.784596 0.005727 0.000000
vt 0.550000 0.009505 0.000000
vt 0.622558 0.033408 0.000000
vt 0.412500 0.026331 0.000000
vt 0.460459 0.055193 0.000000
vt 0.275000 0.038584 0.000000
vt 0.137500 0.046048 0.000000
vt 0.298309 0.070818 0.000000
vt 0.136117 0.080020 0.000000
vt 0.000000 0.048558 0.000000
vt -0.026108 0.082537 0.000000
vt -0.188357 0.078105 0.000000
vt -0.137500 0.046048 0.000000
vt -0.418614 0.060152 0.000000
vt -0.275000 0.038584 0.000000
vt -0.412500 0.026331 0.000000
vt -0.648697 0.029546 0.000000
vt -0.550000 0.009505 0.000000
vt -0.878635 -0.012875 0.000000
vt -0.825000 -0.036977 0.000000
vt -1.108455 -0.066276 0.000000
vt -1.100000 -0.099421 0.000000
vn 0.247171 0.968972 -0.000000
vn 0.204608 0.978844 -0.000000
vn 0.247171 0.968972 -0.000000
vn 0.204608 0.978844 -0.000000
vn 0.157372 0.987539 -0.000000
vn 0.157372 0.987539 -0.000000
vn 0.105501 0.994419 -0.000000
vn 0.105501 0.994419 -0.000000
vn 0.049203 0.998789 -0.000000
vn 0.049203 0.998789 -0.000000
vn 0.005631 0.999984 -0.000000
vn 0.005631 0.999984 -0.000000
vn -0.036369 0.999338 0.000000
vn -0.036369 0.999338 0.000000
vn -0.076589 0.997063 0.000000
vn -0.076589 0.997063 0.000000
vn -0.114876 0.993380 0.000000
vn -0.114876 0.993380 0.000000
vn -0.151122 0.988515 0.000000
vn -0.151122 0.988515 0.000000
vn -0.185264 0.982689 0.000000
vn -0.185264 0.982689 0.000000
vn -0.217278 0.976110 0.000000
vn -0.217278 0.976110 0.000000
vn -0.247171 0.968972 0.000000
vn -0.247171 0.968972 0.000000
vn 0.968972 -0.247171 0.000000
vn 0.968972 -0.247171 0.000000
vn 0.968972 -0.247171 0.000000
vn 0.968972 -0.247171 0.000000
vn 0.247171 -0.968972 0.000000
vn 0.194890 -0.980825 0.000000
vn 0.247171 -0.968972 0.000000
vn 0.194890 -0.980825 0.000000
vn 0.137135 -0.990552 0.000000
vn 0.137135 -0.990552 0.000000
vn 0.105427 -0.994427 0.000000
vn 0.105427 -0.994427 0.000000
vn 0.071754 -0.997422 0.000000
vn 0.071754 -0.997422 0.000000
vn 0.036397 -0.999337 0.000000
vn 0.036397 -0.999337 0.000000
vn 0.000000 -1.000000 0.000000
vn 0.000000 -1.000000 0.000000
vn -0.036397 -0.999337 0.000000
vn -0.036397 -0.999337 0.000000
vn -0.071754 -0.997422 0.000000
vn -0.071754 -0.997422 0.000000
vn -0.105427 -0.994427 0.000000
vn -0.105427 -0.994427 0.000000
vn -0.137135 -0.990552 0.000000
vn -0.137135 -0.990552 0.000000
vn -0.194890 -0.980825 0.000000
vn -0.194890 -0.980825 0.000000
vn -0.247171 -0.968972 0.000000
vn -0.247171 -0.968972 0.000000
vn -0.968972 -0.247171 0.000000
vn -0.968972 -0.247171 0.000000
vn -0.968972 -0.247171 0.000000
vn -0.968972 -0.247171 0.000000
vn 0.000000 0.000000 1.000000
vn 0.000000 0.000000 1.000000
vn 0.000000 0.000000 1.000000
vn 0.000000 0.000000 1.000000
vn 0.000000 0.000000 1.000000
vn 0.000000 0.000000 1.000000
vn 0.000000 0.000000 1.000000
vn 0.000000 0.000000 1.000000
vn 0.000000 0.000000 1.000000
vn 0.000000 0.000000 1.000000
vn 0.000000 0.000000 1.000000
vn 0.000000 0.000000 1.000000
vn 0.000000 0.000000 1.000000
vn 0.000000 0.000000 1.000000
vn 0.000000 0.000000 1.000000
vn 0.000000 0.000000 1.000000
vn 0.000000 0.000000 1.000000
vn 0.000000 0.000000 1.000000
vn 0.000000 0.000000 1.000000
vn 0.000000 0.000000 1.000000
vn 0.000000 0.000000 1.000000
vn 0.000000 0.000000 1.000000
vn 0.000000 0.000000 1.000000
vn 0.000000 0.000000 1.000000
vn 0.000000 0.000000 1.000000
vn 0.000000 0.000000 1.000000
vn -0.000000 -0.000000 -1.000000
vn -0.000000 -0.000000 -1.000000
vn -0.000000 -0.000000 -1.000000
vn -0.000000 -0.000000 -1.000000
vn -0.000000 -0.000000 -1.000000
vn -0.000000 -0.000000 -1.000000
vn -0.000000 -0.000000 -1.000000
vn -0.000000 -0.000000 -1.000000
vn -0.000000 -0.000000 -1.000000
vn -0.000000 -0.000000 -1.000000
vn -0.000000 -0.000000 -1.000000
vn -0.000000 -0.000000 -1.000000
vn -0.000000 -0.000000 -1.000000
vn -0.000000 -0.000000 -1.000000
vn -0.000000 -0.000000 -1.000000
vn -0.000000 -0.000000 -1.000000
vn -0.000000 -0.000000 -1.000000
vn -0.000000 -0.000000 -1.000000
vn -0.000000 -0.000000 -1.000000
vn -0.000000 -0.000000 -1.000000
vn -0.000000 -0.000000 -1.000000
vn -0.000000 -0.000000 -1.000000
vn -0.000000 -0.000000 -1.000000
vn -0.000000 -0.000000 -1.000000
vn -0.000000 -0.000000 -1.000000
vn -0.000000 -0.000000 -1.000000
f 585/1269/1269 586/1270/1270 610/1271/1271
f 610/1271/1271 586/1270/1270 609/1272/1272
f 609/1272/1272 586/1270/1270 587/1273/1273
f 609/1272/1272 587/1273/1273 608/1274/1274
f 608/1274/1274 587/1273/1273 588/1275/1275
f 608/1274/1274 588/1275/1275 607/1276/1276
f 607/1276/1276 588/1275/1275 589/1277/1277
f 607/1276/1276 589/1277/1277 606/1278/1278
f 606/1278/1278 589/1277/1277 590/1279/1279
f 606/1278/1278 590/1279/1279 605/1280/1280
f 605/1280/1280 590/1279/1279 591/1281/1281
f 605/1280/1280 591/1281/1281 604/1282/1282
f 604/1282/1282 591/1281/1281 592/1283/1283
f 604/1282/1282 592/1283/1283 603/1284/1284
f 603/1284/1284 592/1283/1283 593/1285/1285
f 603/1284/1284 593/1285/1285 602/1286/1286
f 602/1286/1286 593/1285/1285 594/1287/1287
f 602/1286/1286 594/1287/1287 601/1288/1288
f 601/1288/1288 594/1287/1287 595/1289/1289
f 601/1288/1288 595/1289/1289 600/1290/1290
f 600/1290/1290 595/1289/1289 596/1291/1291
f 600/1290/1290 596/1291/1291 599/1292/1292
f 599/1292/1292 596/1291/1291 597/1293/1293
f 599/1292/1292 597/1293/1293 598/1294/1294
f 611/1295/1295 585/1296/1296 612/1297/1297
f 612/1297/1297 585/1296/1296 610/1298/1298
f 613/1299/1299 614/1300/1300 636/1301/1301
f 636/1301/1301 614/1300/1300 635/1302/1302
f 635/1302/1302 614/1300/1300 615/1303/1303
f 635/1302/1302 615/1303/1303 634/1304/1304
f 634/1304/1304 615/1303/1303 616/1305/1305
f 634/1304/1304 616/1305/1305 633/1306/1306
f 633/1306/1306 616/1305/1305 617/1307/1307
f 633/1306/1306 617/1307/1307 632/1308/1308
f 632/1308/1308 617/1307/1307 618/1309/1309
f 632/1308/1308 618/1309/1309 631/1310/1310
f 631/1310/1310 618/1309/1309 619/1311/1311
f 631/1310/1310 619/1311/1311 630/1312/1312
f 630/1312/1312 619/1311/1311 620/1313/1313
f 630/1312/1312 620/1313/1313 629/1314/1314
f 629/1314/1314 620/1313/1313 621/1315/1315
f 629/1314/1314 621/1315/1315 628/1316/1316
f 628/1316/1316 621/1315/1315 622/1317/1317
f 628/1316/1316 622/1317/1317 627/1318/1318
f 627/1318/1318 622/1317/1317 623/1319/1319
f 627/1318/1318 623/1319/1319 626/1320/1320
f 626/1320/1320 623/1319/1319 624/1321/1321
f 626/1320/1320 624/1321/1321 625/1322/1322
f 625/1322/1322 624/1321/1321 611/1323/1323
f 625/1322/1322 611/1323/1323 612/1324/1324
f 597/1325/1325 613/1326/1326 598/1327/1327
f 598/1327/1327 613/1326/1326 636/1328/1328
f 636/1329/1329 635/1330/1330 598/1331/1331
f 598/1331/1331 635/1330/1330 599/1332/1332
f 599/1332/1332 635/1330/1330 600/1333/1333
f 600/1333/1333 635/1330/1330 634/1334/1334
f 600/1333/1333 634/1334/1334 601/1335/1335
f 601/1335/1335 634/1334/1334 633/1336/1336
f 601/1335/1335 633/1336/1336 602/1337/1337
f 602/1337/1337 633/1336/1336 632/1338/1338
f 602/1337/1337 632/1338/1338 631/1339/1339
f 630/1340/1340 604/1341/1341 631/1339/1339
f 631/1339/1339 604/1341/1341 603/1342/1342
f 631/1339/1339 603/1342/1342 602/1337/1337
f 629/1343/1343 606/1344/1344 630/1340/1340
f 630/1340/1340 606/1344/1344 605/1345/1345
f 630/1340/1340 605/1345/1345 604/1341/1341
f 606/1344/1344 629/1343/1343 607/1346/1346
f 607/1346/1346 629/1343/1343 628/1347/1347
f 607/1346/1346 628/1347/1347 627/1348/1348
f 607/1346/1346 627/1348/1348 608/1349/1349
f 608/1349/1349 627/1348/1348 626/1350/1350
f 608/1349/1349 626/1350/1350 609/1351/1351
f 609/1351/1351 626/1350/1350 625/1352/1352
f 609/1351/1351 625/1352/1352 610/1353/1353
f 610/1353/1353 625/1352/1352 612/1354/1354
f 613/1355/1355 597/1356/1356 614/1357/1357
f 614/1357/1357 597/1356/1356 596/1358/1358
f 614/1357/1357 596/1358/1358 595/1359/1359
f 614/1357/1357 595/1359/1359 615/1360/1360
f 615/1360/1360 595/1359/1359 594/1361/1361
f 615/1360/1360 594/1361/1361 616/1362/1362
f 616/1362/1362 594/1361/1361 593/1363/1363
f 616/1362/1362 593/1363/1363 617/1364/1364
f 617/1364/1364 593/1363/1363 618/1365/1365
f 618/1365/1365 593/1363/1363 592/1366/1366
f 618/1365/1365 592/1366/1366 591/1367/1367
f 618/1365/1365 591/1367/1367 619/1368/1368
f 619/1368/1368 591/1367/1367 590/1369/1369
f 619/1368/1368 590/1369/1369 589/1370/1370
f 619/1368/1368 589/1370/1370 620/1371/1371
f 620/1371/1371 589/1370/1370 588/1372/1372
f 620/1371/1371 588/1372/1372 621/1373/1373
f 621/1373/1373 588/1372/1372 622/1374/1374
f 622/1374/1374 588/1372/1372 587/1375/1375
f 622/1374/1374 587/1375/1375 623/1376/1376
f 623/1376/1376 587/1375/1375 586/1377/1377
f 623/1376/1376 586/1377/1377 624/1378/1378
f 624/1378/1378 586/1377/1377 585/1379/1379
f 624/1378/1378 585/1379/1379 611/1380/1380
g Body14

v 1.108455 1.833145 0.000000
v 0.878635 1.886545 0.000000
v 0.648697 1.928967 0.000000
v 0.418614 1.959573 0.000000
v 0.188357 1.977526 0.000000
v 0.026108 1.981957 0.000000
v -0.136117 1.979441 0.000000
v -0.298309 1.970238 0.000000
v -0.460459 1.954614 0.000000
v -0.622558 1.932829 0.000000
v -0.784596 1.905147 0.000000
v -0.946565 1.871832 0.000000
v -1.108455 1.833145 0.000000
v -1.108455 1.833145 0.050000
v -0.946565 1.871832 0.050000
v -0.784596 1.905147 0.050000
v -0.622558 1.932829 0.050000
v -0.460459 1.954614 0.050000
v -0.298309 1.970238 0.050000
v -0.136117 1.979441 0.050000
v 0.026108 1.981957 0.050000
v 0.188357 1.977526 0.050000
v 0.418614 1.959573 0.050000
v 0.648697 1.928967 0.050000
v 0.878635 1.886545 0.050000
v 1.108455 1.833145 0.050000
v 1.100000 1.800000 0.000000
v 1.100000 1.800000 0.050000
v -1.100000 1.800000 0.000000
v -0.825000 1.862443 0.000000
v -0.550000 1.908926 0.000000
v -0.412500 1.925752 0.000000
v -0.275000 1.938005 0.000000
v -0.137500 1.945469 0.000000
v 0.000000 1.947978 0.000000
v 0.137500 1.945469 0.000000
v 0.275000 1.938005 0.000000
v 0.412500 1.925752 0.000000
v 0.550000 1.908926 0.000000
v 0.825000 1.862443 0.000000
v 0.825000 1.862443 0.050000
v 0.550000 1.908926 0.050000
v 0.412500 1.925752 0.050000
v 0.275000 1.938005 0.050000
v 0.137500 1.945469 0.050000
v 0.000000 1.947978 0.050000
v -0.137500 1.945469 0.050000
v -0.275000 1.938005 0.050000
v -0.412500 1.925752 0.050000
v -0.550000 1.908926 0.050000
v -0.825000 1.862443 0.050000
v -1.100000 1.800000 0.050000
vt -2.219157 0.000000 0.000000
vt -1.988837 0.000000 0.000000
vt -2.219157 0.050000 0.000000
vt -1.988837 0.050000 0.000000
vt -1.758517 0.000000 0.000000
vt -1.758517 0.050000 0.000000
vt -1.528197 0.000000 0.000000
vt -1.528197 0.050000 0.000000
vt -1.297877 0.000000 0.000000
vt -1.297877 0.050000 0.000000
vt -1.135643 0.000000 0.000000
vt -1.135643 0.050000 0.000000
vt -0.973408 0.000000 0.000000
vt -0.973408 0.050000 0.000000
vt -0.811173 0.000000 0.000000
vt -0.811173 0.050000 0.000000
vt -0.648939 0.000000 0.000000
vt -0.648939 0.050000 0.000000
vt -0.486704 0.000000 0.000000
vt -0.486704 0.050000 0.000000
vt -0.324469 0.000000 0.000000
vt -0.324469 0.050000 0.000000
vt -0.162235 0.000000 0.000000
vt -0.162235 0.050000 0.000000
vt 0.000000 0.000000 0.000000
vt 0.000000 0.050000 0.000000
vt 0.000000 0.000000 0.000000
vt 0.034206 0.000000 0.000000
vt 0.000000 0.050000 0.000000
vt 0.034206 0.050000 0.000000
vt 0.000000 0.000000 0.000000
vt 0.275000 0.000000 0.000000
vt 0.000000 0.050000 0.000000
vt 0.275000 0.050000 0.000000
vt 0.550000 0.000000 0.000000
vt 0.550000 0.050000 0.000000
vt 0.687500 0.000000 0.000000
vt 0.687500 0.050000 0.000000
vt 0.825000 0.000000 0.000000
vt 0.825000 0.050000 0.000000
vt 0.962500 0.000000 0.000000
vt 0.962500 0.050000 0.000000
vt 1.100000 0.000000 0.000000
vt 1.100000 0.050000 0.000000
vt 1.237500 0.000000 0.000000
vt 1.237500 0.050000 0.000000
vt 1.375000 0.000000 0.000000
vt 1.375000 0.050000 0.000000
vt 1.512500 0.000000 0.000000
vt 1.512500 0.050000 0.000000
vt 1.650000 0.000000 0.000000
vt 1.650000 0.050000 0.000000
vt 1.925000 0.000000 0.000000
vt 1.925000 0.050000 0.000000
vt 2.200000 0.000000 0.000000
vt 2.200000 0.050000 0.000000
vt 0.000000 0.000000 0.000000
vt 0.034206 0.000000 0.000000
vt 0.000000 0.050000 0.000000
vt 0.034206 0.050000 0.000000
vt -1.100000 -0.099421 0.000000
vt -0.825000 -0.036977 0.000000
vt -1.108455 -0.066276 0.000000
vt -0.946565 -0.027589 0.000000
vt -0.784596 0.005727 0.000000
vt -0.550000 0.009505 0.000000
vt -0.622558 0.033408 0.000000
vt -0.412500 0.026331 0.000000
vt -0.460459 0.055193 0.000000
vt -0.275000 0.038584 0.000000
vt -0.137500 0.046048 0.000000
vt -0.000000 0.048558 0.000000
vt -0.136117 0.080020 0.000000
vt -0.298309 0.070818 0.000000
vt 0.137500 0.046048 0.000000
vt 0.188357 0.078105 0.000000
vt 0.026108 0.082537 0.000000
vt 0.418614 0.060152 0.000000
vt 0.275000 0.038584 0.000000
vt 0.412500 0.026331 0.000000
vt 0.648697 0.029546 0.000000
vt 0.550000 0.009505 0.000000
vt 0.878635 -0.012875 0.000000
vt 0.825000 -0.036977 0.000000
vt 1.108455 -0.066276 0.000000
vt 1.100000 -0.099421 0.000000
vt 1.100000 -0.099421 0.000000
vt 1.108455 -0.066276 0.000000
vt 0.825000 -0.036977 0.000000
vt 0.946565 -0.027589 0.000000
vt 0.784596 0.005727 0.000000
vt 0.550000 0.009505 0.000000
vt 0.622558 0.033408 0.000000
vt 0.412500 0.026331 0.000000
vt 0.460459 0.055193 0.000000
vt 0.275000 0.038584 0.000000
vt 0.137500 0.046048 0.000000
vt 0.298309 0.070818 0.000000
vt 0.136117 0.080020 0.000000
vt 0.000000 0.048558 0.000000
vt -0.026108 0.082537 0.000000
vt -0.188357 0.078105 0.000000
vt -0.137500 0.046048 0.000000
vt -0.418614 0.060152 0.000000
vt -0.275000 0.038584 0.000000
vt -0.412500 0.026331 0.000000
vt -0.648697 0.029546 0.000000
vt -0.550000 0.009505 0.000000
vt -0.878635 -0.012875 0.000000
vt -0.825000 -0.036977 0.000000
vt -1.108455 -0.066276 0.000000
vt -1.100000 -0.099421 0.000000
vn 0.247171 0.968972 -0.000000
vn 0.204608 0.978844 -0.000000
vn 0.247171 0.968972 -0.000000
vn 0.204608 0.978844 -0.000000
vn 0.157372 0.987539 -0.000000
vn 0.157372 0.987539 -0.000000
vn 0.105501 0.994419 -0.000000
vn 0.105501 0.994419 -0.000000
vn 0.049203 0.998789 -0.000000
vn 0.049203 0.998789 -0.000000
vn 0.005631 0.999984 -0.000000
vn 0.005631 0.999984 -0.000000
vn -0.036369 0.999338 0.000000
vn -0.036369 0.999338 0.000000
vn -0.076589 0.997063 0.000000
vn -0.076589 0.997063 0.000000
vn -0.114876 0.993380 0.000000
vn -0.114876 0.993380 0.000000
vn -0.151122 0.988515 0.000000
vn -0.151122 0.988515 0.000000
vn -0.185264 0.982689 0.000000
vn -0.185264 0.982689 0.000000
vn -0.217278 0.976110 0.000000
vn -0.217278 0.976110 0.000000
vn -0.247171 0.968972 0.000000
vn -0.247171 0.968972 0.000000
vn 0.968972 -0.247171 0.000000
vn 0.968972 -0.247171 0.000000
vn 0.968972 -0.247171 0.000000
vn 0.968972 -0.247171 0.000000
vn 0.247171 -0.968972 0.000000
vn 0.194890 -0.980825 0.000000
vn 0.247171 -0.968972 0.000000
vn 0.194890 -0.980825 0.000000
vn 0.137135 -0.990552 0.000000
vn 0.137135 -0.990552 0.000000
vn 0.105427 -0.994427 0.000000
vn 0.105427 -0.994427 0.000000
vn 0.071754 -0.997422 0.000000
vn 0.071754 -0.997422 0.000000
vn 0.036397 -0.999337 0.000000
vn 0.036397 -0.999337 0.000000
vn 0.000000 -1.000000 0.000000
vn 0.000000 -1.000000 0.000000
vn -0.036397 -0.999337 0.000000
vn -0.036397 -0.999337 0.000000
vn -0.071754 -0.997422 0.000000
vn -0.071754 -0.997422 0.000000
vn -0.105427 -0.994427 0.000000
vn -0.105427 -0.994427 0.000000
vn -0.137135 -0.990552 0.000000
vn -0.137135 -0.990552 0.000000
vn -0.194890 -0.980825 0.000000
vn -0.194890 -0.980825 0.000000
vn -0.247171 -0.968972 0.000000
vn -0.247171 -0.968972 0.000000
vn -0.968972 -0.247171 0.000000
vn -0.968972 -0.247171 0.000000
vn -0.968972 -0.247171 0.000000
vn -0.968972 -0.247171 0.000000
vn 0.000000 0.000000 1.000000
vn 0.000000 0.000000 1.000000
vn 0.000000 0.000000 1.000000
vn 0.000000 0.000000 1.000000
vn 0.000000 0.000000 1.000000
vn 0.000000 0.000000 1.000000
vn 0.000000 0.000000 1.000000
vn 0.000000 0.000000 1.000000
vn 0.000000 0.000000 1.000000
vn 0.000000 0.000000 1.000000
vn 0.000000 0.000000 1.000000
vn 0.000000 0.000000 1.000000
vn 0.000000 0.000000 1.000000
vn 0.000000 0.000000 1.000000
vn 0.000000 0.000000 1.000000
vn 0.000000 0.000000 1.000000
vn 0.000000 0.000000 1.000000
vn 0.000000 0.000000 1.000000
vn 0.000000 0.000000 1.000000
vn 0.000000 0.000000 1.000000
vn 0.000000 0.000000 1.000000
vn 0.000000 0.000000 1.000000
vn 0.000000 0.000000 1.000000
vn 0.000000 0.000000 1.000000
vn 0.000000 0.000000 1.000000
vn 0.000000 0.000000 1.000000
vn -0.000000 -0.000000 -1.000000
vn -0.000000 -0.000000 -1.000000
vn -0.000000 -0.000000 -1.000000
vn -0.000000 -0.000000 -1.000000
vn -0.000000 -0.000000 -1.000000
vn -0.000000 -0.000000 -1.000000
vn -0.000000 -0.000000 -1.000000
vn -0.000000 -0.000000 -1.000000
vn -0.000000 -0.000000 -1.000000
vn -0.000000 -0.000000 -1.000000
vn -0.000000 -0.000000 -1.000000
vn -0.000000 -0.000000 -1.000000
vn -0.000000 -0.000000 -1.000000
vn -0.000000 -0.000000 -1.000000
vn -0.000000 -0.000000 -1.000000
vn -0.000000 -0.000000 -1.000000
vn -0.000000 -0.000000 -1.000000
vn -0.000000 -0.000000 -1.000000
vn -0.000000 -0.000000 -1.000000
vn -0.000000 -0.000000 -1.000000
vn -0.000000 -0.000000 -1.000000
vn -0.000000 -0.000000 -1.000000
vn -0.000000 -0.000000 -1.000000
vn -0.000000 -0.000000 -1.000000
vn -0.000000 -0.000000 -1.000000
vn -0.000000 -0.000000 -1.000000
f 637/1381/1381 638/1382/1382 662/1383/1383
f 662/1383/1383 638/1382/1382 661/1384/1384
f 661/1384/1384 638/1382/1382 639/1385/1385
f 661/1384/1384 639/1385/1385 660/1386/1386
f 660/1386/1386 639/1385/1385 640/1387/1387
f 660/1386/1386 640/1387/1387 659/1388/1388
f 659/1388/1388 640/1387/1387 641/1389/1389
f 659/1388/1388 641/1389/1389 658/1390/1390
f 658/1390/1390 641/1389/1389 642/1391/1391
f 658/1390/1390 642/1391/1391 657/1392/1392
f 657/1392/1392 642/1391/1391 643/1393/1393
f 657/1392/1392 643/1393/1393 656/1394/1394
f 656/1394/1394 643/1393/1393 644/1395/1395
f 656/1394/1394 644/1395/1395 655/1396/1396
f 655/1396/1396 644/1395/1395 645/1397/1397
f 655/1396/1396 645/1397/1397 654/1398/1398
f 654/1398/1398 645/1397/1397 646/1399/1399
f 654/1398/1398 646/1399/1399 653/1400/1400
f 653/1400/1400 646/1399/1399 647/1401/1401
f 653/1400/1400 647/1401/1401 652/1402/1402
f 652/1402/1402 647/1401/1401 648/1403/1403
f 652/1402/1402 648/1403/1403 651/1404/1404
f 651/1404/1404 648/1403/1403 649/1405/1405
f 651/1404/1404 649/1405/1405 650/1406/1406
f 663/1407/1407 637/1408/1408 664/1409/1409
f 664/1409/1409 637/1408/1408 662/1410/1410
f 665/1411/1411 666/1412/1412 688/1413/1413
f 688/1413/1413 666/1412/1412 687/1414/1414
f 687/1414/1414 666/1412/1412 667/1415/1415
f 687/1414/1414 667/1415/1415 686/1416/1416
f 686/1416/1416 667/1415/1415 668/1417/1417
f 686/1416/1416 668/1417/1417 685/1418/1418
f 685/1418/1418 668/1417/1417 669/1419/1419
f 685/1418/1418 669/1419/1419 684/1420/1420
f 684/1420/1420 669/1419/1419 670/1421/1421
f 684/1420/1420 670/1421/1421 683/1422/1422
f 683/1422/1422 670/1421/1421 671/1423/1423
f 683/1422/1422 671/1423/1423 682/1424/1424
f 682/1424/1424 671/1423/1423 672/1425/1425
f 682/1424/1424 672/1425/1425 681/1426/1426
f 681/1426/1426 672/1425/1425 673/1427/1427
f 681/1426/1426 673/1427/1427 680/1428/1428
f 680/1428/1428 673/1427/1427 674/1429/1429
f 680/1428/1428 674/1429/1429 679/1430/1430
f 679/1430/1430 674/1429/1429 675/1431/1431
f 679/1430/1430 675/1431/1431 678/1432/1432
f 678/1432/1432 675/1431/1431 676/1433/1433
f 678/1432/1432 676/1433/1433 677/1434/1434
f 677/1434/1434 676/1433/1433 663/1435/1435
f 677/1434/1434 663/1435/1435 664/1436/1436
f 649/1437/1437 665/1438/1438 650/1439/1439
f 650/1439/1439 665/1438/1438 688/1440/1440
f 688/1441/1441 687/1442/1442 650/1443/1443
f 650/1443/1443 687/1442/1442 651/1444/1444
f 651/1444/1444 687/1442/1442 652/1445/1445
f 652/1445/1445 687/1442/1442 686/1446/1446
f 652/1445/1445 686/1446/1446 653/1447/1447
f 653/1447/1447 686/1446/1446 685/1448/1448
f 653/1447/1447 685/1448/1448 654/1449/1449
f 654/1449/1449 685/1448/1448 684/1450/1450
f 654/1449/1449 684/1450/1450 683/1451/1451
f 682/1452/1452 656/1453/1453 683/1451/1451
f 683/1451/1451 656/1453/1453 655/1454/1454
f 683/1451/1451 655/1454/1454 654/1449/1449
f 681/1455/1455 658/1456/1456 682/1452/1452
f 682/1452/1452 658/1456/1456 657/1457/1457
f 682/1452/1452 657/1457/1457 656/1453/1453
f 658/1456/1456 681/1455/1455 659/1458/1458
f 659/1458/1458 681/1455/1455 680/1459/1459
f 659/1458/1458 680/1459/1459 679/1460/1460
f 659/1458/1458 679/1460/1460 660/1461/1461
f 660/1461/1461 679/1460/1460 678/1462/1462
f 660/1461/1461 678/1462/1462 661/1463/1463
f 661/1463/1463 678/1462/1462 677/1464/1464
f 661/1463/1463 677/1464/1464 662/1465/1465
f 662/1465/1465 677/1464/1464 664/1466/1466
f 665/1467/1467 649/1468/1468 666/1469/1469
f 666/1469/1469 649/1468/1468 648/1470/1470
f 666/1469/1469 648/1470/1470 647/1471/1471
f 666/1469/1469 647/1471/1471 667/1472/1472
f 667/1472/1472 647/1471/1471 646/1473/1473
f 667/1472/1472 646/1473/1473 668/1474/1474
f 668/1474/1474 646/1473/1473 645/1475/1475
f 668/1474/1474 645/1475/1475 669/1476/1476
f 669/1476/1476 645/1475/1475 670/1477/1477
f 670/1477/1477 645/1475/1475 644/1478/1478
f 670/1477/1477 644/1478/1478 643/1479/1479
f 670/1477/1477 643/1479/1479 671/1480/1480
f 671/1480/1480 643/1479/1479 642/1481/1481
f 671/1480/1480 642/1481/1481 641/1482/1482
f 671/1480/1480 641/1482/1482 672/1483/1483
f 672/1483/1483 641/1482/1482 640/1484/1484
f 672/1483/1483 640/1484/1484 673/1485/1485
f 673/1485/1485 640/1484/1484 674/1486/1486
f 674/1486/1486 640/1484/1484 639/1487/1487
f 674/1486/1486 639/1487/1487 675/1488/1488
f 675/1488/1488 639/1487/1487 638/1489/1489
f 675/1488/1488 638/1489/1489 676/1490/1490
f 676/1490/1490 638/1489/1489 637/1491/1491
f 676/1490/1490 637/1491/1491 663/1492/1492
g Body15

v 1.108455 2.133145 0.000000
v 0.878635 2.186545 0.000000
v 0.648697 2.228967 0.000000
v 0.418614 2.259573 0.000000
v 0.188357 2.277526 0.000000
v 0.026108 2.281957 0.000000
v -0.136117 2.279441 0.000000
v -0.298309 2.270238 0.000000
v -0.460459 2.254614 0.000000
v -0.622558 2.232829 0.000000
v -0.784596 2.205147 0.000000
v -0.946565 2.171832 0.000000
v -1.108455 2.133145 0.000000
v -1.108455 2.133145 0.050000
v -0.946565 2.171832 0.050000
v -0.784596 2.205147 0.050000
v -0.622558 2.232829 0.050000
v -0.460459 2.254614 0.050000
v -0.298309 2.270238 0.050000
v -0.136117 2.279441 0.050000
v 0.026108 2.281957 0.050000
v 0.188357 2.277526 0.050000
v 0.418614 2.259573 0.050000
v 0.648697 2.228967 0.050000
v 0.878635 2.186545 0.050000
v 1.108455 2.133145 0.050000
v 1.100000 2.100000 0.000000
v 1.100000 2.100000 0.050000
v -1.100000 2.100000 0.000000
v -0.825000 2.162443 0.000000
v -0.550000 2.208926 0.000000
v -0.412500 2.225752 0.000000
v -0.275000 2.238005 0.000000
v -0.137500 2.245469 0.000000
v 0.000000 2.247978 0.000000
v 0.137500 2.245469 0.000000
v 0.275000 2.238005 0.000000
v 0.412500 2.225752 0.000000
v 0.550000 2.208926 0.000000
v 0.825000 2.162443 0.000000
v 0.825000 2.162443 0.050000
v 0.550000 2.208926 0.050000
v 0.412500 2.225752 0.050000
v 0.275000 2.238005 0.050000
v 0.137500 2.245469 0.050000
v 0.000000 2.247978 0.050000
v -0.137500 2.245469 0.050000
v -0.275000 2.238005 0.050000
v -0.412500 2.225752 0.050000
v -0.550000 2.208926 0.050000
v -0.825000 2.162443 0.050000
v -1.100000 2.100000 0.050000
vt -2.219157 0.000000 0.000000
vt -1.988837 0.000000 0.000000
vt -2.219157 0.050000 0.000000
vt -1.988837 0.050000 0.000000
vt -1.758517 0.000000 0.000000
vt -1.758517 0.050000 0.000000
vt -1.528197 0.000000 0.000000
vt -1.528197 0.050000 0.000000
vt -1.297877 0.000000 0.000000
vt -1.297877 0.050000 0.000000
vt -1.135643 0.000000 0.000000
vt -1.135643 0.050000 0.000000
vt -0.973408 0.000000 0.000000
vt -0.973408 0.050000 0.000000
vt -0.811173 0.000000 0.000000
vt -0.811173 0.050000 0.000000
vt -0.648939 0.000000 0.000000
vt -0.648939 0.050000 0.000000
vt -0.486704 0.000000 0.000000
vt -0.486704 0.050000 0.000000
vt -0.324469 0.000000 0.000000
vt -0.324469 0.050000 0.000000
vt -0.162235 0.000000 0.000000
vt -0.162235 0.050000 0.000000
vt 0.000000 0.000000 0.000000
vt 0.000000 0.050000 0.000000
vt 0.000000 0.000000 0.000000
vt 0.034206 0.000000 0.000000
vt 0.000000 0.050000 0.000000
vt 0.034206 0.050000 0.000000
vt 0.000000 0.000000 0.000000
vt 0.275000 0.000000 0.000000
vt 0.000000 0.050000 0.000000
vt 0.275000 0.050000 0.000000
vt 0.550000 0.000000 0.000000
vt 0.550000 0.050000 0.000000
vt 0.687500 0.000000 0.000000
vt 0.687500 0.050000 0.000000
vt 0.825000 0.000000 0.000000
vt 0.825000 0.050000 0.000000
vt 0.962500 0.000000 0.000000
vt 0.962500 0.050000 0.000000
vt 1.100000 0.000000 0.000000
vt 1.100000 0.050000 0.000000
vt 1.237500 0.000000 0.000000
vt 1.237500 0.050000 0.000000
vt 1.375000 0.000000 0.000000
vt 1.375000 0.050000 0.000000
vt 1.512500 0.000000 0.000000
vt 1.512500 0.050000 0.000000
vt 1.650000 0.000000 0.000000
vt 1.650000 0.050000 0.000000
vt 1.925000 0.000000 0.000000
vt 1.925000 0.050000 0.000000
vt 2.200000 0.000000 0.000000
vt 2.200000 0.050000 0.000000
vt 0.000000 0.000000 0.000000
vt 0.034206 0.000000 0.000000
vt 0.000000 0.050000 0.000000
vt 0.034206 0.050000 0.000000
vt -1.100000 -0.099421 0.000000
vt -0.825000 -0.036977 0.000000
vt -1.108455 -0.066276 0.000000
vt -0.946565 -0.027589 0.000000
vt -0.784596 0.005727 0.000000
vt -0.550000 0.009505 0.000000
vt -0.622558 0.033408 0.000000
vt -0.412500 0.026331 0.000000
vt -0.460459 0.055193 0.000000
vt -0.275000 0.038584 0.000000
vt -0.137500 0.046048 0.000000
vt -0.000000 0.048558 0.000000
vt -0.136117 0.080020 0.000000
vt -0.298309 0.070818 0.000000
vt 0.137500 0.046048 0.000000
vt 0.188357 0.078105 0.000000
vt 0.026108 0.082537 0.000000
vt 0.418614 0.060152 0.000000
vt 0.275000 0.038584 0.000000
vt 0.412500 0.026331 0.000000
vt 0.648697 0.029546 0.000000
vt 0.550000 0.009505 0.000000
vt 0.878635 -0.012875 0.000000
vt 0.825000 -0.036977 0.000000
vt 1.108455 -0.066276 0.000000
vt 1.100000 -0.099421 0.000000
vt 1.100000 -0.099421 0.000000
vt 1.108455 -0.066276 0.000000
vt 0.825000 -0.036977 0.000000
vt 0.946565 -0.027589 0.000000
vt 0.784596 0.005727 0.000000
vt 0.550000 0.009505 0.000000
vt 0.622558 0.033408 0.000000
vt 0.412500 0.026331 0.000000
vt 0.460459 0.055193 0.000000
vt 0.275000 0.038584 0.000000
vt 0.137500 0.046048 0.000000
vt 0.298309 0.070818 0.000000
vt 0.136117 0.080020 0.000000
vt 0.000000 0.048558 0.000000
vt -0.026108 0.082537 0.000000
vt -0.188357 0.078105 0.000000
vt -0.137500 0.046048 0.000000
vt -0.418614 0.060152 0.000000
vt -0.275000 0.038584 0.000000
vt -0.412500 0.026331 0.000000
vt -0.648697 0.029546 0.000000
vt -0.550000 0.009505 0.000000
vt -0.878635 -0.012875 0.000000
vt -0.825000 -0.036977 0.000000
vt -1.108455 -0.066276 0.000000
vt -1.100000 -0.099421 0.000000
vn 0.247171 0.968972 -0.000000
vn 0.204608 0.978844 -0.000000
vn 0.247171 0.968972 -0.000000
vn 0.204608 0.978844 -0.000000
vn 0.157372 0.987539 -0.000000
vn 0.157372 0.987539 -0.000000
vn 0.105501 0.994419 -0.000000
vn 0.105501 0.994419 -0.000000
vn 0.049203 0.998789 -0.000000
vn 0.049203 0.998789 -0.000000
vn 0.005631 0.999984 -0.000000
vn 0.005631 0.999984 -0.000000
vn -0.036369 0.999338 0.000000
vn -0.036369 0.999338 0.000000
vn -0.076589 0.997063 0.000000
vn -0.076589 0.997063 0.000000
vn -0.114876 0.993380 0.000000
vn -0.114876 0.993380 0.000000
vn -0.151122 0.988515 0.000000
vn -0.151122 0.988515 0.000000
vn -0.185264 0.982689 0.000000
vn -0.185264 0.982689 0.000000
vn -0.217278 0.976110 0.000000
vn -0.217278 0.976110 0.000000
vn -0.247171 0.968972 0.000000
vn -0.247171 0.968972 0.000000
vn 0.968972 -0.247171 0.000000
vn 0.968972 -0.247171 0.000000
vn 0.968972 -0.247171 0.000000
vn 0.968972 -0.247171 0.000000
vn 0.247171 -0.968972 0.000000
vn 0.194890 -0.980825 0.000000
vn 0.247171 -0.968972 0.000000
vn 0.194890 -0.980825 0.000000
vn 0.137135 -0.990552 0.000000
vn 0.137135 -0.990552 0.000000
vn 0.105427 -0.994427 0.000000
vn 0.105427 -0.994427 0.000000
vn 0.071754 -0.997422 0.000000
vn 0.071754 -0.997422 0.000000
vn 0.036397 -0.999337 0.000000
vn 0.036397 -0.999337 0.000000
vn 0.000000 -1.000000 0.000000
vn 0.000000 -1.000000 0.000000
vn -0.036397 -0.999337 0.000000
vn -0.036397 -0.999337 0.000000
vn -0.071754 -0.997422 0.000000
vn -0.071754 -0.997422 0.000000
vn -0.105427 -0.994427 0.000000
vn -0.105427 -0.994427 0.000000
vn -0.137135 -0.990552 0.000000
vn -0.137135 -0.990552 0.000000
vn -0.194890 -0.980825 0.000000
vn -0.194890 -0.980825 0.000000
vn -0.247171 -0.968972 0.000000
vn -0.247171 -0.968972 0.000000
vn -0.968972 -0.247171 0.000000
vn -0.968972 -0.247171 0.000000
vn -0.968972 -0.247171 0.000000
vn -0.968972 -0.247171 0.000000
vn 0.000000 0.000000 1.000000
vn 0.000000 0.000000 1.000000
vn 0.000000 0.000000 1.000000
vn 0.000000 0.000000 1.000000
vn 0.000000 0.000000 1.000000
vn 0.000000 0.000000 1.000000
vn 0.000000 0.000000 1.000000
vn 0.000000 0.000000 1.000000
vn 0.000000 0.000000 1.000000
vn 0.000000 0.000000 1.000000
vn 0.000000 0.000000 1.000000
vn 0.000000 0.000000 1.000000
vn 0.000000 0.000000 1.000000
vn 0.000000 0.000000 1.000000
vn 0.000000 0.000000 1.000000
vn 0.000000 0.000000 1.000000
vn 0.000000 0.000000 1.000000
vn 0.000000 0.000000 1.000000
vn 0.000000 0.000000 1.000000
vn 0.000000 0.000000 1.000000
vn 0.000000 0.000000 1.000000
vn 0.000000 0.000000 1.000000
vn 0.000000 0.000000 1.000000
vn 0.000000 0.000000 1.000000
vn 0.000000 0.000000 1.000000
vn 0.000000 0.000000 1.000000
vn -0.000000 -0.000000 -1.000000
vn -0.000000 -0.000000 -1.000000
vn -0.000000 -0.000000 -1.000000
vn -0.000000 -0.000000 -1.000000
vn -0.000000 -0.000000 -1.000000
vn -0.000000 -0.000000 -1.000000
vn -0.000000 -0.000000 -1.000000
vn -0.000000 -0.000000 -1.000000
vn -0.000000 -0.000000 -1.000000
vn -0.000000 -0.000000 -1.000000
vn -0.000000 -0.000000 -1.000000
vn -0.000000 -0.000000 -1.000000
vn -0.000000 -0.000000 -1.000000
vn -0.000000 -0.000000 -1.000000
vn -0.000000 -0.000000 -1.000000
vn -0.000000 -0.000000 -1.000000
vn -0.000000 -0.000000 -1.000000
vn -0.000000 -0.000000 -1.000000
vn -0.000000 -0.000000 -1.000000
vn -0.000000 -0.000000 -1.000000
vn -0.000000 -0.000000 -1.000000
vn -0.000000 -0.000000 -1.000000
vn -0.000000 -0.000000 -1.000000
vn -0.000000 -0.000000 -1.000000
vn -0.000000 -0.000000 -1.000000
vn -0.000000 -0.000000 -1.000000
f 689/1493/1493 690/1494/1494 714/1495/1495
f 714/1495/1495 690/1494/1494 713/1496/1496
f 713/1496/1496 690/1494/1494 691/1497/1497
f 713/1496/1496 691/1497/1497 712/1498/1498
f 712/1498/1498 691/1497/1497 692/1499/1499
f 712/1498/1498 692/1499/1499 711/1500/1500
f 711/1500/1500 692/1499/1499 693/1501/1501
f 711/1500/1500 693/1501/1501 710/1502/1502
f 710/1502/1502 693/1501/1501 694/1503/1503
f 710/1502/1502 694/1503/1503 709/1504/1504
f 709/1504/1504 694/1503/1503 695/1505/1505
f 709/1504/1504 695/1505/1505 708/1506/1506
f 708/1506/1506 695/1505/1505 696/1507/1507
f 708/1506/1506 696/1507/1507 707/1508/1508
f 707/1508/1508 696/1507/1507 697/1509/1509
f 707/1508/1508 697/1509/1509 706/1510/1510
f 706/1510/1510 697/1509/1509 698/1511/1511
f 706/1510/1510 698/1511/1511 705/1512/1512
f 705/1512/1512 698/1511/1511 699/1513/1513
f 705/1512/1512 699/1513/1513 704/1514/1514
f 704/1514/1514 699/1513/1513 700/1515/1515
f 704/1514/1514 700/1515/1515 703/1516/1516
f 703/1516/1516 700/1515/1515 701/1517/1517
f 703/1516/1516 701/1517/1517 702/1518/1518
f 715/1519/1519 689/1520/1520 716/1521/1521
f 716/1521/1521 689/1520/1520 714/1522/1522
f 717/1523/1523 718/1524/1524 740/1525/1525
f 740/1525/1525 718/1524/1524 739/1526/1526
f 739/1526/1526 718/1524/1524 719/1527/1527
f 739/1526/1526 719/1527/1527 738/1528/1528
f 738/1528/1528 719/1527/1527 720/1529/1529
f 738/1528/1528 720/1529/1529 737/1530/1530
f 737/1530/1530 720/1529/1529 721/1531/1531
f 737/1530/1530 721/1531/1531 736/1532/1532
f 736/1532/1532 721/1531/1531 722/1533/1533
f 736/1532/1532 722/1533/1533 735/1534/1534
f 735/1534/1534 722/1533/1533 723/1535/1535
f 735/1534/1534 723/1535/1535 734/1536/1536
f 734/1536/1536 723/1535/1535 724/1537/1537
f 734/1536/1536 724/1537/1537 733/1538/1538
f 733/1538/1538 724/1537/1537 725/1539/1539
f 733/1538/1538 725/1539/1539 732/1540/1540
f 732/1540/1540 725/1539/1539 726/1541/1541
f 732/1540/1540 726/1541/1541 731/1542/1542
f 731/1542/1542 726/1541/1541 727/1543/1543
f 731/1542/1542 727/1543/1543 730/1544/1544
f 730/1544/1544 727/1543/1543 728/1545/1545
f 730/1544/1544 728/1545/1545 729/1546/1546
f 729/1546/1546 728/1545/1545 715/1547/1547
f 729/1546/1546 715/1547/1547 716/1548/1548
f 701/1549/1549 717/1550/1550 702/1551/1551
f 702/1551/1551 717/1550/1550 740/1552/1552
f 740/1553/1553 739/1554/1554 702/1555/1555
f 702/1555/1555 739/1554/1554 703/1556/1556
f 703/1556/1556 739/1554/1554 704/1557/1557
f 704/1557/1557 739/1554/1554 738/1558/1558
f 704/1557/1557 738/1558/1558 705/1559/1559
f 705/1559/1559 738/1558/1558 737/1560/1560
f 705/1559/1559 737/1560/1560 706/1561/1561
f 706/1561/1561 737/1560/1560 736/1562/1562
f 706/1561/1561 736/1562/1562 735/1563/1563
f 734/1564/1564 708/1565/1565 735/1563/1563
f 735/1563/1563 708/1565/1565 707/1566/1566
f 735/1563/1563 707/1566/1566 706/1561/1561
f 733/1567/1567 710/1568/1568 734/1564/1564
f 734/1564/1564 710/1568/1568 709/1569/1569
f 734/1564/1564 709/1569/1569 708/1565/1565
f 710/1568/1568 733/1567/1567 711/1570/1570
f 711/1570/1570 733/1567/1567 732/1571/1571
f 711/1570/1570 732/1571/1571 731/1572/1572
f 711/1570/1570 731/1572/1572 712/1573/1573
f 712/1573/1573 731/1572/1572 730/1574/1574
f 712/1573/1573 730/1574/1574 713/1575/1575
f 713/1575/1575 730/1574/1574 729/1576/1576
f 713/1575/1575 729/1576/1576 714/1577/1577
f 714/1577/1577 729/1576/1576 716/1578/1578
f 717/1579/1579 701/1580/1580 718/1581/1581
f 718/1581/1581 701/1580/1580 700/1582/1582
f 718/1581/1581 700/1582/1582 699/1583/1583
f 718/1581/1581 699/1583/1583 719/1584/1584
f 719/1584/1584 699/1583/1583 698/1585/1585
f 719/1584/1584 698/1585/1585 720/1586/1586
f 720/1586/1586 698/1585/1585 697/1587/1587
f 720/1586/1586 697/1587/1587 721/1588/1588
f 721/1588/1588 697/1587/1587 722/1589/1589
f 722/1589/1589 697/1587/1587 696/1590/1590
f 722/1589/1589 696/1590/1590 695/1591/1591
f 722/1589/1589 695/1591/1591 723/1592/1592
f 723/1592/1592 695/1591/1591 694/1593/1593
f 723/1592/1592 694/1593/1593 693/1594/1594
f 723/1592/1592 693/1594/1594 724/1595/1595
f 724/1595/1595 693/1594/1594 692/1596/1596
f 724/1595/1595 692/1596/1596 725/1597/1597
f 725/1597/1597 692/1596/1596 726/1598/1598
f 726/1598/1598 692/1596/1596 691/1599/1599
f 726/1598/1598 691/1599/1599 727/1600/1600
f 727/1600/1600 691/1599/1599 690/1601/1601
f 727/1600/1600 690/1601/1601 728/1602/1602
f 728/1602/1602 690/1601/1601 689/1603/1603
f 728/1602/1602 689/1603/1603 715/1604/1604
g Body16

v 1.108455 2.333145 0.000000
v 0.878635 2.386545 0.000000
v 0.648697 2.428967 0.000000
v 0.418614 2.459573 0.000000
v 0.188357 2.477526 0.000000
v 0.026108 2.481957 0.000000
v -0.136117 2.479441 0.000000
v -0.298309 2.470238 0.000000
v -0.460459 2.454614 0.000000
v -0.622558 2.432829 0.000000
v -0.784596 2.405147 0.000000
v -0.946565 2.371832 0.000000
v -1.108455 2.333145 0.000000
v -1.108455 2.333145 0.050000
v -0.946565 2.371832 0.050000
v -0.784596 2.405147 0.050000
v -0.622558 2.432829 0.050000
v -0.460459 2.454614 0.050000
v -0.298309 2.470238 0.050000
v -0.136117 2.479441 0.050000
v 0.026108 2.481957 0.050000
v 0.188357 2.477526 0.050000
v 0.418614 2.459573 0.050000
v 0.648697 2.428967 0.050000
v 0.878635 2.386545 0.050000
v 1.108455 2.333145 0.050000
v 1.100000 2.300000 0.000000
v 1.100000 2.300000 0.050000
v -1.100000 2.300000 0.000000
v -0.825000 2.362443 0.000000
v -0.550000 2.408926 0.000000
v -0.412500 2.425752 0.000000
v -0.275000 2.438005 0.000000
v -0.137500 2.445469 0.000000
v 0.000000 2.447978 0.000000
v 0.137500 2.445469 0.000000
v 0.275000 2.438005 0.000000
v 0.412500 2.425752 0.000000
v 0.550000 2.408926 0.000000
v 0.825000 2.362443 0.000000
v 0.825000 2.362443 0.050000
v 0.550000 2.408926 0.050000
v 0.412500 2.425752 0.050000
v 0.275000 2.438005 0.050000
v 0.137500 2.445469 0.050000
v 0.000000 2.447978 0.050000
v -0.137500 2.445469 0.050000
v -0.275000 2.438005 0.050000
v -0.412500 2.425752 0.050000
v -0.550000 2.408926 0.050000
v -0.825000 2.362443 0.050000
v -1.100000 2.300000 0.050000
vt -2.219157 0.000000 0.000000
vt -1.988837 0.000000 0.000000
vt -2.219157 0.050000 0.000000
vt -1.988837 0.050000 0.000000
vt -1.758517 0.000000 0.000000
vt -1.758517 0.050000 0.000000
vt -1.528197 0.000000 0.000000
vt -1.528197 0.050000 0.000000
vt -1.297877 0.000000 0.000000
vt -1.297877 0.050000 0.000000
vt -1.135643 0.000000 0.000000
vt -1.135643 0.050000 0.000000
vt -0.973408 0.000000 0.000000
vt -0.973408 0.050000 0.000000
vt -0.811173 0.000000 0.000000
vt -0.811173 0.050000 0.000000
vt -0.648939 0.000000 0.000000
vt -0.648939 0.050000 0.000000
vt -0.486704 0.000000 0.000000
vt -0.486704 0.050000 0.000000
vt -0.324469 0.000000 0.000000
vt -0.324469 0.050000 0.000000
vt -0.162235 0.000000 0.000000
vt -0.162235 0.050000 0.000000
vt 0.000000 0.000000 0.000000
vt 0.000000 0.050000 0.000000
vt 0.000000 0.000000 0.000000
vt 0.034206 0.000000 0.000000
vt 0.000000 0.050000 0.000000
vt 0.034206 0.050000 0.000000
vt 0.000000 0.000000 0.000000
vt 0.275000 0.000000 0.000000
vt 0.000000 0.050000 0.000000
vt 0.275000 0.050000 0.000000
vt 0.550000 0.000000 0.000000
vt 0.550000 0.050000 0.000000
vt 0.687500 0.000000 0.000000
vt 0.687500 0.050000 0.000000
vt 0.825000 0.000000 0.000000
vt 0.825000 0.050000 0.000000
vt 0.962500 0.000000 0.000000
vt 0.962500 0.050000 0.000000
vt 1.100000 0.000000 0.000000
vt 1.100000 0.050000 0.000000
vt 1.237500 0.000000 0.000000
vt 1.237500 0.050000 0.000000
vt 1.375000 0.000000 0.000000
vt 1.375000 0.050000 0.000000
vt 1.512500 0.000000 0.000000
vt 1.512500 0.050000 0.000000
vt 1.650000 0.000000 0.000000
vt 1.650000 0.050000 0.000000
vt 1.925000 0.000000 0.000000
vt 1.925000 0.050000 0.000000
vt 2.200000 0.000000 0.000000
vt 2.200000 0.050000 0.000000
vt 0.000000 0.000000 0.000000
vt 0.034206 0.000000 0.000000
vt 0.000000 0.050000 0.000000
vt 0.034206 0.050000 0.000000
vt -1.100000 -0.099421 0.000000
vt -0.825000 -0.036977 0.000000
vt -1.108455 -0.066276 0.000000
vt -0.946565 -0.027589 0.000000
vt -0.784596 0.005727 0.000000
vt -0.550000 0.009505 0.000000
vt -0.622558 0.033408 0.000000
vt -0.412500 0.026331 0.000000
vt -0.460459 0.055193 0.000000
vt -0.275000 0.038584 0.000000
vt -0.137500 0.046048 0.000000
vt -0.000000 0.048558 0.000000
vt -0.136117 0.080020 0.000000
vt -0.298309 0.070818 0.000000
vt 0.137500 0.046048 0.000000
vt 0.188357 0.078105 0.000000
vt 0.026108 0.082537 0.000000
vt 0.418614 0.060152 0.000000
vt 0.275000 0.038584 0.000000
vt 0.412500 0.026331 0.000000
vt 0.648697 0.029546 0.000000
vt 0.550000 0.009505 0.000000
vt 0.878635 -0.012875 0.000000
vt 0.825000 -0.036977 0.000000
vt 1.108455 -0.066276 0.000000
vt 1.100000 -0.099421 0.000000
vt 1.100000 -0.099421 0.000000
vt 1.108455 -0.066276 0.000000
vt 0.825000 -0.036977 0.000000
vt 0.946565 -0.027589 0.000000
vt 0.784596 0.005727 0.000000
vt 0.550000 0.009505 0.000000
vt 0.622558 0.033408 0.000000
vt 0.412500 0.026331 0.000000
vt 0.460459 0.055193 0.000000
vt 0.275000 0.038584 0.000000
vt 0.137500 0.046048 0.000000
vt 0.298309 0.070818 0.000000
vt 0.136117 0.080020 0.000000
vt 0.000000 0.048558 0.000000
vt -0.026108 0.082537 0.000000
vt -0.188357 0.078105 0.000000
vt -0.137500 0.046048 0.000000
vt -0.418614 0.060152 0.000000
vt -0.275000 0.038584 0.000000
vt -0.412500 0.026331 0.000000
vt -0.648697 0.029546 0.000000
vt -0.550000 0.009505 0.000000
vt -0.878635 -0.012875 0.000000
vt -0.825000 -0.036977 0.000000
vt -1.108455 -0.066276 0.000000
vt -1.100000 -0.099421 0.000000
vn 0.247171 0.968972 -0.000000
vn 0.204608 0.978844 -0.000000
vn 0.247171 0.968972 -0.000000
vn 0.204608 0.978844 -0.000000
vn 0.157372 0.987539 -0.000000
vn 0.157372 0.987539 -0.000000
vn 0.105501 0.994419 -0.000000
vn 0.105501 0.994419 -0.000000
vn 0.049203 0.998789 -0.000000
vn 0.049203 0.998789 -0.000000
vn 0.005631 0.999984 -0.000000
vn 0.005631 0.999984 -0.000000
vn -0.036369 0.999338 0.000000
vn -0.036369 0.999338 0.000000
vn -0.076589 0.997063 0.000000
vn -0.076589 0.997063 0.000000
vn -0.114876 0.993380 0.000000
vn -0.114876 0.993380 0.000000
vn -0.151122 0.988515 0.000000
vn -0.151122 0.988515 0.000000
vn -0.185264 0.982689 0.000000
vn -0.185264 0.982689 0.000000
vn -0.217278 0.976110 0.000000
vn -0.217278 0.976110 0.000000
vn -0.247171 0.968972 0.000000
vn -0.247171 0.968972 0.000000
vn 0.968972 -0.247171 0.000000
vn 0.968972 -0.247171 0.000000
vn 0.968972 -0.247171 0.000000
vn 0.968972 -0.247171 0.000000
vn 0.247171 -0.968972 0.000000
vn 0.194890 -0.980825 0.000000
vn 0.247171 -0.968972 0.000000
vn 0.194890 -0.980825 0.000000
vn 0.137135 -0.990552 0.000000
vn 0.137135 -0.990552 0.000000
vn 0.105427 -0.994427 0.000000
vn 0.105427 -0.994427 0.000000
vn 0.071754 -0.997422 0.000000
vn 0.071754 -0.997422 0.000000
vn 0.036397 -0.999337 0.000000
vn 0.036397 -0.999337 0.000000
vn 0.000000 -1.000000 0.000000
vn 0.000000 -1.000000 0.000000
vn -0.036397 -0.999337 0.000000
vn -0.036397 -0.999337 0.000000
vn -0.071754 -0.997422 0.000000
vn -0.071754 -0.997422 0.000000
vn -0.105427 -0.994427 0.000000
vn -0.105427 -0.994427 0.000000
vn -0.137135 -0.990552 0.000000
vn -0.137135 -0.990552 0.000000
vn -0.194890 -0.980825 0.000000
vn -0.194890 -0.980825 0.000000
vn -0.247171 -0.968972 0.000000
vn -0.247171 -0.968972 0.000000
vn -0.968972 -0.247171 0.000000
vn -0.968972 -0.247171 0.000000
vn -0.968972 -0.247171 0.000000
vn -0.968972 -0.247171 0.000000
vn 0.000000 0.000000 1.000000
vn 0.000000 0.000000 1.000000
vn 0.000000 0.000000 1.000000
vn 0.000000 0.000000 1.000000
vn 0.000000 0.000000 1.000000
vn 0.000000 0.000000 1.000000
vn 0.000000 0.000000 1.000000
vn 0.000000 0.000000 1.000000
vn 0.000000 0.000000 1.000000
vn 0.000000 0.000000 1.000000
vn 0.000000 0.000000 1.000000
vn 0.000000 0.000000 1.000000
vn 0.000000 0.000000 1.000000
vn 0.000000 0.000000 1.000000
vn 0.000000 0.000000 1.000000
vn 0.000000 0.000000 1.000000
vn 0.000000 0.000000 1.000000
vn 0.000000 0.000000 1.000000
vn 0.000000 0.000000 1.000000
vn 0.000000 0.000000 1.000000
vn 0.000000 0.000000 1.000000
vn 0.000000 0.000000 1.000000
vn 0.000000 0.000000 1.000000
vn 0.000000 0.000000 1.000000
vn 0.000000 0.000000 1.000000
vn 0.000000 0.000000 1.000000
vn -0.000000 -0.000000 -1.000000
vn -0.000000 -0.000000 -1.000000
vn -0.000000 -0.000000 -1.000000
vn -0.000000 -0.000000 -1.000000
vn -0.000000 -0.000000 -1.000000
vn -0.000000 -0.000000 -1.000000
vn -0.000000 -0.000000 -1.000000
vn -0.000000 -0.000000 -1.000000
vn -0.000000 -0.000000 -1.000000
vn -0.000000 -0.000000 -1.000000
vn -0.000000 -0.000000 -1.000000
vn -0.000000 -0.000000 -1.000000
vn -0.000000 -0.000000 -1.000000
vn -0.000000 -0.000000 -1.000000
vn -0.000000 -0.000000 -1.000000
vn -0.000000 -0.000000 -1.000000
vn -0.000000 -0.000000 -1.000000
vn -0.000000 -0.000000 -1.000000
vn -0.000000 -0.000000 -1.000000
vn -0.000000 -0.000000 -1.000000
vn -0.000000 -0.000000 -1.000000
vn -0.000000 -0.000000 -1.000000
vn -0.000000 -0.000000 -1.000000
vn -0.000000 -0.000000 -1.000000
vn -0.000000 -0.000000 -1.000000
vn -0.000000 -0.000000 -1.000000
f 741/1605/1605 742/1606/1606 766/1607/1607
f 766/1607/1607 742/1606/1606 765/1608/1608
f 765/1608/1608 742/1606/1606 743/1609/1609
f 765/1608/1608 743/1609/1609 764/1610/1610
f 764/1610/1610 743/1609/1609 744/1611/1611
f 764/1610/1610 744/1611/1611 763/1612/1612
f 763/1612/1612 744/1611/1611 745/1613/1613
f 763/1612/1612 745/1613/1613 762/1614/1614
f 762/1614/1614 745/1613/1613 746/1615/1615
f 762/1614/1614 746/1615/1615 761/1616/1616
f 761/1616/1616 746/1615/1615 747/1617/1617
f 761/1616/1616 747/1617/1617 760/1618/1618
f 760/1618/1618 747/1617/1617 748/1619/1619
f 760/1618/1618 748/1619/1619 759/1620/1620
f 759/1620/1620 748/1619/1619 749/1621/1621
f 759/1620/1620 749/1621/1621 758/1622/1622
f 758/1622/1622 749/1621/1621 750/1623/1623
f 758/1622/1622 750/1623/1623 757/1624/1624
f 757/1624/1624 750/1623/1623 751/1625/1625
f 757/1624/1624 751/1625/1625 756/1626/1626
f 756/1626/1626 751/1625/1625 752/1627/1627
f 756/1626/1626 752/1627/1627 755/1628/1628
f 755/1628/1628 752/1627/1627 753/1629/1629
f 755/1628/1628 753/1629/1629 754/1630/1630
f 767/1631/1631 741/1632/1632 768/1633/1633
f 768/1633/1633 741/1632/1632 766/1634/1634
f 769/1635/1635 770/1636/1636 792/1637/1637
f 792/1637/1637 770/1636/1636 791/1638/1638
f 791/1638/1638 770/1636/1636 771/1639/1639
f 791/1638/1638 771/1639/1639 790/1640/1640
f 790/1640/1640 771/1639/1639 772/1641/1641
f 790/1640/1640 772/1641/1641 789/1642/1642
f 789/1642/1642 772/1641/1641 773/1643/1643
f 789/1642/1642 773/1643/1643 788/1644/1644
f 788/1644/1644 773/1643/1643 774/1645/1645
f 788/1644/1644 774/1645/1645 787/1646/1646
f 787/1646/1646 774/1645/1645 775/1647/1647
f 787/1646/1646 775/1647/1647 786/1648/1648
f 786/1648/1648 775/1647/1647 776/1649/1649
f 786/1648/1648 776/1649/1649 785/1650/1650
f 785/1650/1650 776/1649/1649 777/1651/1651
f 785/1650/1650 777/1651/1651 784/1652/1652
f 784/1652/1652 777/1651/1651 778/1653/1653
f 784/1652/1652 778/1653/1653 783/1654/1654
f 783/1654/1654 778/1653/1653 779/1655/1655
f 783/1654/1654 779/1655/1655 782/1656/1656
f 782/1656/1656 779/1655/1655 780/1657/1657
f 782/1656/1656 780/1657/1657 781/1658/1658
f 781/1658/1658 780/1657/1657 767/1659/1659
f 781/1658/1658 767/1659/1659 768/1660/1660
f 753/1661/1661 769/1662/1662 754/1663/1663
f 754/1663/1663 769/1662/1662 792/1664/1664
f 792/1665/1665 791/1666/1666 754/1667/1667
f 754/1667/1667 791/1666/1666 755/1668/1668
f 755/1668/1668 791/1666/1666 756/1669/1669
f 756/1669/1669 791/1666/1666 790/1670/1670
f 756/1669/1669 790/1670/1670 757/1671/1671
f 757/1671/1671 790/1670/1670 789/1672/1672
f 757/1671/1671 789/1672/1672 758/1673/1673
f 758/1673/1673 789/1672/1672 788/1674/1674
f 758/1673/1673 788/1674/1674 787/1675/1675
f 786/1676/1676 760/1677/1677 787/1675/1675
f 787/1675/1675 760/1677/1677 759/1678/1678
f 787/1675/1675 759/1678/1678 758/1673/1673
f 785/1679/1679 762/1680/1680 786/1676/1676
f 786/1676/1676 762/1680/1680 761/1681/1681
f 786/1676/1676 761/1681/1681 760/1677/1677
f 762/1680/1680 785/1679/1679 763/1682/1682
f 763/1682/1682 785/1679/1679 784/1683/1683
f 763/1682/1682 784/1683/1683 783/1684/1684
f 763/1682/1682 783/1684/1684 764/1685/1685
f 764/1685/1685 783/1684/1684 782/1686/1686
f 764/1685/1685 782/1686/1686 765/1687/1687
f 765/1687/1687 782/1686/1686 781/1688/1688
f 765/1687/1687 781/1688/1688 766/1689/1689
f 766/1689/1689 781/1688/1688 768/1690/1690
f 769/1691/1691 753/1692/1692 770/1693/1693
f 770/1693/1693 753/1692/1692 752/1694/1694
f 770/1693/1693 752/1694/1694 751/1695/1695
f 770/1693/1693 751/1695/1695 771/1696/1696
f 771/1696/1696 751/1695/1695 750/1697/1697
f 771/1696/1696 750/1697/1697 772/1698/1698
f 772/1698/1698 750/1697/1697 749/1699/1699
f 772/1698/1698 749/1699/1699 773/1700/1700
f 773/1700/1700 749/1699/1699 774/1701/1701
f 774/1701/1701 749/1699/1699 748/1702/1702
f 774/1701/1701 748/1702/1702 747/1703/1703
f 774/1701/1701 747/1703/1703 775/1704/1704
f 775/1704/1704 747/1703/1703 746/1705/1705
f 775/1704/1704 746/1705/1705 745/1706/1706
f 775/1704/1704 745/1706/1706 776/1707/1707
f 776/1707/1707 745/1706/1706 744/1708/1708
f 776/1707/1707 744/1708/1708 777/1709/1709
f 777/1709/1709 744/1708/1708 778/1710/1710
f 778/1710/1710 744/1708/1708 743/1711/1711
f 778/1710/1710 743/1711/1711 779/1712/1712
f 779/1712/1712 743/1711/1711 742/1713/1713
f 779/1712/1712 742/1713/1713 780/1714/1714
f 780/1714/1714 742/1713/1713 741/1715/1715
f 780/1714/1714 741/1715/1715 767/1716/1716
g Body17

v 1.108455 2.233145 0.000000
v 0.878635 2.286545 0.000000
v 0.648697 2.328967 0.000000
v 0.418614 2.359573 0.000000
v 0.188357 2.377526 0.000000
v 0.026108 2.381957 0.000000
v -0.136117 2.379441 0.000000
v -0.298309 2.370238 0.000000
v -0.460459 2.354614 0.000000
v -0.622558 2.332829 0.000000
v -0.784596 2.305147 0.000000
v -0.946565 2.271832 0.000000
v -1.108455 2.233145 0.000000
v -1.108455 2.233145 0.050000
v -0.946565 2.271832 0.050000
v -0.784596 2.305147 0.050000
v -0.622558 2.332829 0.050000
v -0.460459 2.354614 0.050000
v -0.298309 2.370238 0.050000
v -0.136117 2.379441 0.050000
v 0.026108 2.381957 0.050000
v 0.188357 2.377526 0.050000
v 0.418614 2.359573 0.050000
v 0.648697 2.328967 0.050000
v 0.878635 2.286545 0.050000
v 1.108455 2.233145 0.050000
v 1.100000 2.200000 0.000000
v 1.100000 2.200000 0.050000
v -1.100000 2.200000 0.000000
v -0.825000 2.262443 0.000000
v -0.550000 2.308926 0.000000
v -0.412500 2.325752 0.000000
v -0.275000 2.338005 0.000000
v -0.137500 2.345469 0.000000
v 0.000000 2.347978 0.000000
v 0.137500 2.345469 0.000000
v 0.275000 2.338005 0.000000
v 0.412500 2.325752 0.000000
v 0.550000 2.308926 0.000000
v 0.825000 2.262443 0.000000
v 0.825000 2.262443 0.050000
v 0.550000 2.308926 0.050000
v 0.412500 2.325752 0.050000
v 0.275000 2.338005 0.050000
v 0.137500 2.345469 0.050000
v 0.000000 2.347978 0.050000
v -0.137500 2.345469 0.050000
v -0.275000 2.338005 0.050000
v -0.412500 2.325752 0.050000
v -0.550000 2.308926 0.050000
v -0.825000 2.262443 0.050000
v -1.100000 2.200000 0.050000
vt -2.219157 0.000000 0.000000
vt -1.988837 0.000000 0.000000
vt -2.219157 0.050000 0.000000
vt -1.988837 0.050000 0.000000
vt -1.758517 0.000000 0.000000
vt -1.758517 0.050000 0.000000
vt -1.528197 0.000000 0.000000
vt -1.528197 0.050000 0.000000
vt -1.297877 0.000000 0.000000
vt -1.297877 0.050000 0.000000
vt -1.135643 0.000000 0.000000
vt -1.135643 0.050000 0.000000
vt -0.973408 0.000000 0.000000
vt -0.973408 0.050000 0.000000
vt -0.811173 0.000000 0.000000
vt -0.811173 0.050000 0.000000
vt -0.648939 0.000000 0.000000
vt -0.648939 0.050000 0.000000
vt -0.486704 0.000000 0.000000
vt -0.486704 0.050000 0.000000
vt -0.324469 0.000000 0.000000
vt -0.324469 0.050000 0.000000
vt -0.162235 0.000000 0.000000
vt -0.162235 0.050000 0.000000
vt 0.000000 0.000000 0.000000
vt 0.000000 0.050000 0.000000
vt 0.000000 0.000000 0.000000
vt 0.034206 0.000000 0.000000
vt 0.000000 0.050000 0.000000
vt 0.034206 0.050000 0.000000
vt 0.000000 0.000000 0.000000
vt 0.275000 0.000000 0.000000
vt 0.000000 0.050000 0.000000
vt 0.275000 0.050000 0.000000
vt 0.550000 0.000000 0.000000
vt 0.550000 0.050000 0.000000
vt 0.687500 0.000000 0.000000
vt 0.687500 0.050000 0.000000
vt 0.825000 0.000000 0.000000
vt 0.825000 0.050000 0.000000
vt 0.962500 0.000000 0.000000
vt 0.962500 0.050000 0.000000
vt 1.100000 0.000000 0.000000
vt 1.100000 0.050000 0.000000
vt 1.237500 0.000000 0.000000
vt 1.237500 0.050000 0.000000
vt 1.375000 0.000000 0.000000
vt 1.375000 0.050000 0.000000
vt 1.512500 0.000000 0.000000
vt 1.512500 0.050000 0.000000
vt 1.650000 0.000000 0.000000
vt 1.650000 0.050000 0.000000
vt 1.925000 0.000000 0.000000
vt 1.925000 0.050000 0.000000
vt 2.200000 0.000000 0.000000
vt 2.200000 0.050000 0.000000
vt 0.000000 0.000000 0.000000
vt 0.034206 0.000000 0.000000
vt 0.000000 0.050000 0.000000
vt 0.034206 0.050000 0.000000
vt -1.100000 -0.099421 0.000000
vt -0.825000 -0.036977 0.000000
vt -1.108455 -0.066276 0.000000
vt -0.946565 -0.027589 0.000000
vt -0.784596 0.005727 0.000000
vt -0.550000 0.009505 0.000000
vt -0.622558 0.033408 0.000000
vt -0.412500 0.026331 0.000000
vt -0.460459 0.055193 0.000000
vt -0.275000 0.038584 0.000000
vt -0.137500 0.046048 0.000000
vt -0.000000 0.048558 0.000000
vt -0.136117 0.080020 0.000000
vt -0.298309 0.070818 0.000000
vt 0.137500 0.046048 0.000000
vt 0.188357 0.078105 0.000000
vt 0.026108 0.082537 0.000000
vt 0.418614 0.060152 0.000000
vt 0.275000 0.038584 0.000000
vt 0.412500 0.026331 0.000000
vt 0.648697 0.029546 0.000000
vt 0.550000 0.009505 0.000000
vt 0.878635 -0.012875 0.000000
vt 0.825000 -0.036977 0.000000
vt 1.108455 -0.066276 0.000000
vt 1.100000 -0.099421 0.000000
vt 1.100000 -0.099421 0.000000
vt 1.108455 -0.066276 0.000000
vt 0.825000 -0.036977 0.000000
vt 0.946565 -0.027589 0.000000
vt 0.784596 0.005727 0.000000
vt 0.550000 0.009505 0.000000
vt 0.622558 0.033408 0.000000
vt 0.412500 0.026331 0.000000
vt 0.460459 0.055193 0.000000
vt 0.275000 0.038584 0.000000
vt 0.137500 0.046048 0.000000
vt 0.298309 0.070818 0.000000
vt 0.136117 0.080020 0.000000
vt 0.000000 0.048558 0.000000
vt -0.026108 0.082537 0.000000
vt -0.188357 0.078105 0.000000
vt -0.137500 0.046048 0.000000
vt -0.418614 0.060152 0.000000
vt -0.275000 0.038584 0.000000
vt -0.412500 0.026331 0.000000
vt -0.648697 0.029546 0.000000
vt -0.550000 0.009505 0.000000
vt -0.878635 -0.012875 0.000000
vt -0.825000 -0.036977 0.000000
vt -1.108455 -0.066276 0.000000
vt -1.100000 -0.099421 0.000000
vn 0.247171 0.968972 -0.000000
vn 0.204608 0.978844 -0.000000
vn 0.247171 0.968972 -0.000000
vn 0.204608 0.978844 -0.000000
vn 0.157372 0.987539 -0.000000
vn 0.157372 0.987539 -0.000000
vn 0.105501 0.994419 -0.000000
vn 0.105501 0.994419 -0.000000
vn 0.049203 0.998789 -0.000000
vn 0.049203 0.998789 -0.000000
vn 0.005631 0.999984 -0.000000
vn 0.005631 0.999984 -0.000000
vn -0.036369 0.999338 0.000000
vn -0.036369 0.999338 0.000000
vn -0.076589 0.997063 0.000000
vn -0.076589 0.997063 0.000000
vn -0.114876 0.993380 0.000000
vn -0.114876 0.993380 0.000000
vn -0.151122 0.988515 0.000000
vn -0.151122 0.988515 0.000000
vn -0.185264 0.982689 0.000000
vn -0.185264 0.982689 0.000000
vn -0.217278 0.976110 0.000000
vn -0.217278 0.976110 0.000000
vn -0.247171 0.968972 0.000000
vn -0.247171 0.968972 0.000000
vn 0.968972 -0.247171 0.000000
vn 0.968972 -0.247171 0.000000
vn 0.968972 -0.247171 0.000000
vn 0.968972 -0.247171 0.000000
vn 0.247171 -0.968972 0.000000
vn 0.194890 -0.980825 0.000000
vn 0.247171 -0.968972 0.000000
vn 0.194890 -0.980825 0.000000
vn 0.137135 -0.990552 0.000000
vn 0.137135 -0.990552 0.000000
vn 0.105427 -0.994427 0.000000
vn 0.105427 -0.994427 0.000000
vn 0.071754 -0.997422 0.000000
vn 0.071754 -0.997422 0.000000
vn 0.036397 -0.999337 0.000000
vn 0.036397 -0.999337 0.000000
vn 0.000000 -1.000000 0.000000
vn 0.000000 -1.000000 0.000000
vn -0.036397 -0.999337 0.000000
vn -0.036397 -0.999337 0.000000
vn -0.071754 -0.997422 0.000000
vn -0.071754 -0.997422 0.000000
vn -0.105427 -0.994427 0.000000
vn -0.105427 -0.994427 0.000000
vn -0.137135 -0.990552 0.000000
vn -0.137135 -0.990552 0.000000
vn -0.194890 -0.980825 0.000000
vn -0.194890 -0.980825 0.000000
vn -0.247171 -0.968972 0.000000
vn -0.247171 -0.968972 0.000000
vn -0.968972 -0.247171 0.000000
vn -0.968972 -0.247171 0.000000
vn -0.968972 -0.247171 0.000000
vn -0.968972 -0.247171 0.000000
vn 0.000000 0.000000 1.000000
vn 0.000000 0.000000 1.000000
vn 0.000000 0.000000 1.000000
vn 0.000000 0.000000 1.000000
vn 0.000000 0.000000 1.000000
vn 0.000000 0.000000 1.000000
vn 0.000000 0.000000 1.000000
vn 0.000000 0.000000 1.000000
vn 0.000000 0.000000 1.000000
vn 0.000000 0.000000 1.000000
vn 0.000000 0.000000 1.000000
vn 0.000000 0.000000 1.000000
vn 0.000000 0.000000 1.000000
vn 0.000000 0.000000 1.000000
vn 0.000000 0.000000 1.000000
vn 0.000000 0.000000 1.000000
vn 0.000000 0.000000 1.000000
vn 0.000000 0.000000 1.000000
vn 0.000000 0.000000 1.000000
vn 0.000000 0.000000 1.000000
vn 0.000000 0.000000 1.000000
vn 0.000000 0.000000 1.000000
vn 0.000000 0.000000 1.000000
vn 0.000000 0.000000 1.000000
vn 0.000000 0.000000 1.000000
vn 0.000000 0.000000 1.000000
vn -0.000000 -0.000000 -1.000000
vn -0.000000 -0.000000 -1.000000
vn -0.000000 -0.000000 -1.000000
vn -0.000000 -0.000000 -1.000000
vn -0.000000 -0.000000 -1.000000
vn -0.000000 -0.000000 -1.000000
vn -0.000000 -0.000000 -1.000000
vn -0.000000 -0.000000 -1.000000
vn -0.000000 -0.000000 -1.000000
vn -0.000000 -0.000000 -1.000000
vn -0.000000 -0.000000 -1.000000
vn -0.000000 -0.000000 -1.000000
vn -0.000000 -0.000000 -1.000000
vn -0.000000 -0.000000 -1.000000
vn -0.000000 -0.000000 -1.000000
vn -0.000000 -0.000000 -1.000000
vn -0.000000 -0.000000 -1.000000
vn -0.000000 -0.000000 -1.000000
vn -0.000000 -0.000000 -1.000000
vn -0.000000 -0.000000 -1.000000
vn -0.000000 -0.000000 -1.000000
vn -0.000000 -0.000000 -1.000000
vn -0.000000 -0.000000 -1.000000
vn -0.000000 -0.000000 -1.000000
vn -0.000000 -0.000000 -1.000000
vn -0.000000 -0.000000 -1.000000
f 793/1717/1717 794/1718/1718 818/1719/1719
f 818/1719/1719 794/1718/1718 817/1720/1720
f 817/1720/1720 794/1718/1718 795/1721/1721
f 817/1720/1720 795/1721/1721 816/1722/1722
f 816/1722/1722 795/1721/1721 796/1723/1723
f 816/1722/1722 796/1723/1723 815/1724/1724
f 815/1724/1724 796/1723/1723 797/1725/1725
f 815/1724/1724 797/1725/1725 814/1726/1726
f 814/1726/1726 797/1725/1725 798/1727/1727
f 814/1726/1726 798/1727/1727 813/1728/1728
f 813/1728/1728 798/1727/1727 799/1729/1729
f 813/1728/1728 799/1729/1729 812/1730/1730
f 812/1730/1730 799/1729/1729 800/1731/1731
f 812/1730/1730 800/1731/1731 811/1732/1732
f 811/1732/1732 800/1731/1731 801/1733/1733
f 811/1732/1732 801/1733/1733 810/1734/1734
f 810/1734/1734 801/1733/1733 802/1735/1735
f 810/1734/1734 802/1735/1735 809/1736/1736
f 809/1736/1736 802/1735/1735 803/1737/1737
f 809/1736/1736 803/1737/1737 808/1738/1738
f 808/1738/1738 803/1737/1737 804/1739/1739
f 808/1738/1738 804/1739/1739 807/1740/1740
f 807/1740/1740 804/1739/1739 805/1741/1741
f 807/1740/1740 805/1741/1741 806/1742/1742
f 819/1743/1743 793/1744/1744 820/1745/1745
f 820/1745/1745 793/1744/1744 818/1746/1746
f 821/1747/1747 822/1748/1748 844/1749/1749
f 844/1749/1749 822/1748/1748 843/1750/1750
f 843/1750/1750 822/1748/1748 823/1751/1751
f 843/1750/1750 823/1751/1751 842/1752/1752
f 842/1752/1752 823/1751/1751 824/1753/1753
f 842/1752/1752 824/1753/1753 841/1754/1754
f 841/1754/1754 824/1753/1753 825/1755/1755
f 841/1754/1754 825/1755/1755 840/1756/1756
f 840/1756/1756 825/1755/1755 826/1757/1757
f 840/1756/1756 826/1757/1757 839/1758/1758
f 839/1758/1758 826/1757/1757 827/1759/1759
f 839/1758/1758 827/1759/1759 838/1760/1760
f 838/1760/1760 827/1759/1759 828/1761/1761
f 838/1760/1760 828/1761/1761 837/1762/1762
f 837/1762/1762 828/1761/1761 829/1763/1763
f 837/1762/1762 829/1763/1763 836/1764/1764
f 836/1764/1764 829/1763/1763 830/1765/1765
f 836/1764/1764 830/1765/1765 835/1766/1766
f 835/1766/1766 830/1765/1765 831/1767/1767
f 835/1766/1766 831/1767/1767 834/1768/1768
f 834/1768/1768 831/1767/1767 832/1769/1769
f 834/1768/1768 832/1769/1769 833/1770/1770
f 833/1770/1770 832/1769/1769 819/1771/1771
f 833/1770/1770 819/1771/1771 820/1772/1772
f 805/1773/1773 821/1774/1774 806/1775/1775
f 806/1775/1775 821/1774/1774 844/1776/1776
f 844/1777/1777 843/1778/1778 806/1779/1779
f 806/1779/1779 843/1778/1778 807/1780/1780
f 807/1780/1780 843/1778/1778 808/1781/1781
f 808/1781/1781 843/1778/1778 842/1782/1782
f 808/1781/1781 842/1782/1782 809/1783/1783
f 809/1783/1783 842/1782/1782 841/1784/1784
f 809/1783/1783 841/1784/1784 810/1785/1785
f 810/1785/1785 841/1784/1784 840/1786/1786
f 810/1785/1785 840/1786/1786 839/1787/1787
f 838/1788/1788 812/1789/1789 839/1787/1787
f 839/1787/1787 812/1789/1789 811/1790/1790
f 839/1787/1787 811/1790/1790 810/1785/1785
f 837/1791/1791 814/1792/1792 838/1788/1788
f 838/1788/1788 814/1792/1792 813/1793/1793
f 838/1788/1788 813/1793/1793 812/1789/1789
f 814/1792/1792 837/1791/1791 815/1794/1794
f 815/1794/1794 837/1791/1791 836/1795/1795
f 815/1794/1794 836/1795/1795 835/1796/1796
f 815/1794/1794 835/1796/1796 816/1797/1797
f 816/1797/1797 835/1796/1796 834/1798/1798
f 816/1797/1797 834/1798/1798 817/1799/1799
f 817/1799/1799 834/1798/1798 833/1800/1800
f 817/1799/1799 833/1800/1800 818/1801/1801
f 818/1801/1801 833/1800/1800 820/1802/1802
f 821/1803/1803 805/1804/1804 822/1805/1805
f 822/1805/1805 805/1804/1804 804/1806/1806
f 822/1805/1805 804/1806/1806 803/1807/1807
f 822/1805/1805 803/1807/1807 823/1808/1808
f 823/1808/1808 803/1807/1807 802/1809/1809
f 823/1808/1808 802/1809/1809 824/1810/1810
f 824/1810/1810 802/1809/1809 801/1811/1811
f 824/1810/1810 801/1811/1811 825/1812/1812
f 825/1812/1812 801/1811/1811 826/1813/1813
f 826/1813/1813 801/1811/1811 800/1814/1814
f 826/1813/1813 800/1814/1814 799/1815/1815
f 826/1813/1813 799/1815/1815 827/1816/1816
f 827/1816/1816 799/1815/1815 798/1817/1817
f 827/1816/1816 798/1817/1817 797/1818/1818
f 827/1816/1816 797/1818/1818 828/1819/1819
f 828/1819/1819 797/1818/1818 796/1820/1820
f 828/1819/1819 796/1820/1820 829/1821/1821
f 829/1821/1821 796/1820/1820 830/1822/1822
f 830/1822/1822 796/1820/1820 795/1823/1823
f 830/1822/1822 795/1823/1823 831/1824/1824
f 831/1824/1824 795/1823/1823 794/1825/1825
f 831/1824/1824 794/1825/1825 832/1826/1826
f 832/1826/1826 794/1825/1825 793/1827/1827
f 832/1826/1826 793/1827/1827 819/1828/1828
# 844 vertices
# 1828 texture params
# 1828 normals
# 1620 facets

# 17 groups
